tow_id,segment_type,time (UTC),latitude (degrees_north),longitude (degrees_east),depth (m),temperature (degree_C),sensor_type,model,data_provider
55316,3,2026-04-13T00:00:00Z,40.48062,-73.1756,30.466667,5.5834446,ZEBRAT,TD-20,eMOLT
55317,3,2026-04-13T01:00:00Z,40.507168,-73.084,28.315384,5.8114614,ZEBRAT,TD-20,eMOLT
55318,3,2026-04-13T03:00:00Z,40.517,-72.992,30.533333,5.46,ZEBRAT,TD-20,eMOLT
55319,3,2026-04-13T04:00:00Z,40.514286,-72.9911,30.714285,5.7627144,ZEBRAT,TD-20,eMOLT
55320,3,2026-04-13T05:00:00Z,40.515957,-72.9642,31.216667,5.523,ZEBRAT,TD-20,eMOLT
55320,3,2026-04-13T06:00:00Z,40.5189,-72.9642,33.1,5.505,ZEBRAT,TD-20,eMOLT
55321,3,2026-04-13T07:00:00Z,40.510773,-72.9594,32.714287,5.5192857,ZEBRAT,TD-20,eMOLT
55322,3,2026-04-13T08:00:00Z,40.516193,-72.9553,32.416668,5.486417,ZEBRAT,TD-20,eMOLT
55323,3,2026-04-13T10:00:00Z,40.51886,-72.9541,30.52,5.672,ZEBRAT,TD-20,eMOLT
55324,3,2026-04-13T11:00:00Z,40.519535,-72.948,31.918182,5.4964547,ZEBRAT,TD-20,eMOLT
55325,3,2026-04-13T13:00:00Z,40.517944,-72.9462,29.885714,5.5967145,ZEBRAT,TD-20,eMOLT
55326,3,2026-04-13T14:00:00Z,40.522385,-72.9416,31.183332,5.5095835,ZEBRAT,TD-20,eMOLT
55326,3,2026-04-13T15:00:00Z,40.524,-72.9416,33.7,5.556,ZEBRAT,TD-20,eMOLT
55327,3,2026-04-13T16:00:00Z,40.51872,-72.9407,29.84,5.5458,ZEBRAT,TD-20,eMOLT
55328,3,2026-04-13T17:00:00Z,40.51666,-72.9477,30.508333,5.5810833,ZEBRAT,TD-20,eMOLT
55328,3,2026-04-13T18:00:00Z,40.520817,-72.9477,33.1,5.5338335,ZEBRAT,TD-20,eMOLT
55329,3,2026-04-13T19:00:00Z,40.554256,-72.8981,32.885715,5.542286,ZEBRAT,TD-20,eMOLT
55330,3,2026-04-13T20:00:00Z,40.6032,-72.8527,33.8,5.490077,ZEBRAT,TD-20,eMOLT
55333,3,2026-04-13T00:00:00Z,43.73625,-68.51405,145.92416,3.6655834,LOWELL,TDO-1,eMOLT
55334,3,2026-04-13T00:00:00Z,44.2716,-68.1079,68.29567,3.103,LOWELL,TDO-1,eMOLT
55333,3,2026-04-13T01:00:00Z,43.73625,-68.51405,145.66241,3.6729167,LOWELL,TDO-1,eMOLT
55334,3,2026-04-13T01:00:00Z,44.2716,-68.1079,67.94683,3.1036668,LOWELL,TDO-1,eMOLT
55333,3,2026-04-13T02:00:00Z,43.73625,-68.51405,145.21875,3.6399167,LOWELL,TDO-1,eMOLT
55334,3,2026-04-13T02:00:00Z,44.2716,-68.1079,67.430336,3.1196666,LOWELL,TDO-1,eMOLT
55333,3,2026-04-13T03:00:00Z,43.73625,-68.51405,144.71683,3.57525,LOWELL,TDO-1,eMOLT
55334,3,2026-04-13T03:00:00Z,44.2716,-68.1079,66.8205,3.1266668,LOWELL,TDO-1,eMOLT
55333,3,2026-04-13T04:00:00Z,43.73625,-68.51405,144.28175,3.5474167,LOWELL,TDO-1,eMOLT
55334,3,2026-04-13T04:00:00Z,44.2716,-68.1079,66.374,3.1226666,LOWELL,TDO-1,eMOLT
55333,3,2026-04-13T05:00:00Z,43.73625,-68.51405,144.03192,3.5329168,LOWELL,TDO-1,eMOLT
55334,3,2026-04-13T05:00:00Z,44.2716,-68.1079,66.138336,3.1466668,LOWELL,TDO-1,eMOLT
55333,3,2026-04-13T06:00:00Z,43.73625,-68.51405,144.04108,3.5315833,LOWELL,TDO-1,eMOLT
55334,3,2026-04-13T06:00:00Z,44.2716,-68.1079,66.1315,3.1636667,LOWELL,TDO-1,eMOLT
55333,3,2026-04-13T07:00:00Z,43.73625,-68.51405,144.309,3.5530834,LOWELL,TDO-1,eMOLT
55334,3,2026-04-13T07:00:00Z,44.2716,-68.1079,66.47933,3.1211667,LOWELL,TDO-1,eMOLT
55333,3,2026-04-13T08:00:00Z,43.73625,-68.51405,144.80225,3.5694168,LOWELL,TDO-1,eMOLT
55334,3,2026-04-13T08:00:00Z,44.2716,-68.1079,66.992165,3.062,LOWELL,TDO-1,eMOLT
55333,3,2026-04-13T09:00:00Z,43.73625,-68.51405,145.34166,3.6044166,LOWELL,TDO-1,eMOLT
55334,3,2026-04-13T09:00:00Z,44.2716,-68.1079,67.6705,3.0415,LOWELL,TDO-1,eMOLT
55333,3,2026-04-13T10:00:00Z,43.73625,-68.51405,145.83759,3.5789165,LOWELL,TDO-1,eMOLT
55334,3,2026-04-13T10:00:00Z,44.2716,-68.1079,68.201,3.0466666,LOWELL,TDO-1,eMOLT
55333,3,2026-04-13T11:00:00Z,43.73625,-68.51405,146.13583,3.6269166,LOWELL,TDO-1,eMOLT
55334,3,2026-04-13T11:00:00Z,44.2716,-68.1079,68.5135,3.0505,LOWELL,TDO-1,eMOLT
55333,3,2026-04-13T12:00:00Z,43.73625,-68.51405,146.18584,3.7533333,LOWELL,TDO-1,eMOLT
55334,3,2026-04-13T12:00:00Z,44.2716,-68.1079,68.548836,3.0515,LOWELL,TDO-1,eMOLT
55333,3,2026-04-13T13:00:00Z,43.73625,-68.51405,145.95676,3.6909168,LOWELL,TDO-1,eMOLT
55334,3,2026-04-13T13:00:00Z,44.2716,-68.1079,68.268,3.0545,LOWELL,TDO-1,eMOLT
55333,3,2026-04-13T14:00:00Z,43.73625,-68.51405,145.47626,3.6681666,LOWELL,TDO-1,eMOLT
55334,3,2026-04-13T14:00:00Z,44.2716,-68.1079,67.72517,3.0425,LOWELL,TDO-1,eMOLT
55333,3,2026-04-13T15:00:00Z,43.73625,-68.51405,144.90475,3.5658333,LOWELL,TDO-1,eMOLT
55334,3,2026-04-13T15:00:00Z,44.2716,-68.1079,67.062164,3.0625,LOWELL,TDO-1,eMOLT
55333,3,2026-04-13T16:00:00Z,43.73625,-68.51405,144.32292,3.5570834,LOWELL,TDO-1,eMOLT
55334,3,2026-04-13T16:00:00Z,44.2716,-68.1079,66.41534,3.0971668,LOWELL,TDO-1,eMOLT
55333,3,2026-04-13T17:00:00Z,43.73625,-68.51405,143.91824,3.6016667,LOWELL,TDO-1,eMOLT
55334,3,2026-04-13T17:00:00Z,44.2716,-68.1079,65.963,3.1536667,LOWELL,TDO-1,eMOLT
55333,3,2026-04-13T18:00:00Z,43.73625,-68.51405,143.75958,3.6123333,LOWELL,TDO-1,eMOLT
55334,3,2026-04-13T18:00:00Z,44.2716,-68.1079,65.8305,3.1525,LOWELL,TDO-1,eMOLT
55333,3,2026-04-13T19:00:00Z,43.73625,-68.51405,143.90259,3.5856667,LOWELL,TDO-1,eMOLT
55334,3,2026-04-13T19:00:00Z,44.2716,-68.1079,66.01033,3.1,LOWELL,TDO-1,eMOLT
55333,3,2026-04-13T20:00:00Z,43.73625,-68.51405,144.29866,3.5851667,LOWELL,TDO-1,eMOLT
55334,3,2026-04-13T20:00:00Z,44.2716,-68.1079,66.493835,3.0703332,LOWELL,TDO-1,eMOLT
55333,3,2026-04-13T21:00:00Z,43.73625,-68.51405,144.86958,3.62925,LOWELL,TDO-1,eMOLT
55334,3,2026-04-13T21:00:00Z,44.2716,-68.1079,67.14633,3.0833333,LOWELL,TDO-1,eMOLT
55333,3,2026-04-13T22:00:00Z,43.73625,-68.51405,145.43408,3.6698334,LOWELL,TDO-1,eMOLT
55334,3,2026-04-13T22:00:00Z,44.2716,-68.1079,67.7925,3.0453334,LOWELL,TDO-1,eMOLT
55333,3,2026-04-13T23:00:00Z,43.73625,-68.51405,145.84625,3.6999166,LOWELL,TDO-1,eMOLT
55334,3,2026-04-13T23:00:00Z,44.2716,-68.1079,68.2335,3.0356667,LOWELL,TDO-1,eMOLT
55333,3,2026-04-14T00:00:00Z,43.73625,-68.51405,146.03075,3.6594167,LOWELL,TDO-1,eMOLT
55334,3,2026-04-14T00:00:00Z,44.2716,-68.1079,68.4195,3.0408332,LOWELL,TDO-1,eMOLT
55333,3,2026-04-14T01:00:00Z,43.73625,-68.51405,145.93817,3.6691666,LOWELL,TDO-1,eMOLT
55334,3,2026-04-14T01:00:00Z,44.2716,-68.1079,68.28333,3.0465,LOWELL,TDO-1,eMOLT
55333,3,2026-04-14T02:00:00Z,43.73625,-68.51405,145.58633,3.6309166,LOWELL,TDO-1,eMOLT
55334,3,2026-04-14T02:00:00Z,44.2716,-68.1079,67.856834,3.06,LOWELL,TDO-1,eMOLT
55333,3,2026-04-14T03:00:00Z,43.73625,-68.51405,145.0565,3.6035833,LOWELL,TDO-1,eMOLT
55334,3,2026-04-14T03:00:00Z,44.2716,-68.1079,67.25767,3.0603333,LOWELL,TDO-1,eMOLT
55333,3,2026-04-14T04:00:00Z,43.73625,-68.51405,144.46542,3.6026666,LOWELL,TDO-1,eMOLT
55334,3,2026-04-14T04:00:00Z,44.2716,-68.1079,66.579666,3.0413334,LOWELL,TDO-1,eMOLT
55333,3,2026-04-14T05:00:00Z,43.73625,-68.51405,144.01208,3.6163332,LOWELL,TDO-1,eMOLT
55334,3,2026-04-14T05:00:00Z,44.2716,-68.1079,66.08383,3.0431666,LOWELL,TDO-1,eMOLT
55333,3,2026-04-14T06:00:00Z,43.73625,-68.51405,143.79158,3.6279166,LOWELL,TDO-1,eMOLT
55334,3,2026-04-14T06:00:00Z,44.2716,-68.1079,65.93266,3.0451667,LOWELL,TDO-1,eMOLT
55333,3,2026-04-14T07:00:00Z,43.73625,-68.51405,143.86525,3.6153333,LOWELL,TDO-1,eMOLT
55334,3,2026-04-14T07:00:00Z,44.2716,-68.1079,65.979,3.0475,LOWELL,TDO-1,eMOLT
55333,3,2026-04-14T08:00:00Z,43.73625,-68.51405,144.217,3.60025,LOWELL,TDO-1,eMOLT
55334,3,2026-04-14T08:00:00Z,44.2716,-68.1079,66.37767,3.0533333,LOWELL,TDO-1,eMOLT
55333,3,2026-04-14T09:00:00Z,43.73625,-68.51405,144.794,3.61025,LOWELL,TDO-1,eMOLT
55334,3,2026-04-14T09:00:00Z,44.2716,-68.1079,67.056,3.0538332,LOWELL,TDO-1,eMOLT
55333,3,2026-04-14T10:00:00Z,43.73625,-68.51405,145.42192,3.65375,LOWELL,TDO-1,eMOLT
55334,3,2026-04-14T10:00:00Z,44.2716,-68.1079,67.7845,3.076,LOWELL,TDO-1,eMOLT
55333,3,2026-04-14T11:00:00Z,43.73625,-68.51405,145.9565,3.6501667,LOWELL,TDO-1,eMOLT
55334,3,2026-04-14T11:00:00Z,44.2716,-68.1079,68.363335,3.0828333,LOWELL,TDO-1,eMOLT
55333,3,2026-04-14T12:00:00Z,43.73625,-68.51405,146.23659,3.69725,LOWELL,TDO-1,eMOLT
55334,3,2026-04-14T12:00:00Z,44.2716,-68.1079,68.66766,3.0906668,LOWELL,TDO-1,eMOLT
55333,3,2026-04-14T13:00:00Z,43.73625,-68.51405,146.27525,3.7145,LOWELL,TDO-1,eMOLT
55334,3,2026-04-14T13:00:00Z,44.2716,-68.1079,68.636,3.0903332,LOWELL,TDO-1,eMOLT
55334,3,2026-04-14T14:00:00Z,44.2716,-68.1079,68.26483,3.0878334,LOWELL,TDO-1,eMOLT
55334,3,2026-04-14T15:00:00Z,44.2716,-68.1079,67.572,3.0846667,LOWELL,TDO-1,eMOLT
55334,3,2026-04-14T16:00:00Z,44.2716,-68.1079,66.82833,3.0698333,LOWELL,TDO-1,eMOLT
55334,3,2026-04-14T17:00:00Z,44.2716,-68.1079,66.256836,3.0786667,LOWELL,TDO-1,eMOLT
55334,3,2026-04-14T18:00:00Z,44.2716,-68.1079,65.77717,3.1116667,LOWELL,TDO-1,eMOLT
55334,3,2026-04-14T19:00:00Z,44.2716,-68.1079,65.7735,3.1325,LOWELL,TDO-1,eMOLT
55334,3,2026-04-14T20:00:00Z,44.2716,-68.1079,66.04684,3.1121666,LOWELL,TDO-1,eMOLT
55334,3,2026-04-14T21:00:00Z,44.2716,-68.1079,66.68283,3.0975,LOWELL,TDO-1,eMOLT
55334,3,2026-04-14T22:00:00Z,44.2716,-68.1079,67.48583,3.0933332,LOWELL,TDO-1,eMOLT
55334,3,2026-04-14T23:00:00Z,44.2716,-68.1079,68.191,3.099,LOWELL,TDO-1,eMOLT
55334,3,2026-04-15T00:00:00Z,44.2716,-68.1079,68.659,3.1068332,LOWELL,TDO-1,eMOLT
55334,3,2026-04-15T01:00:00Z,44.2716,-68.1079,68.76833,3.1293333,LOWELL,TDO-1,eMOLT
55334,3,2026-04-15T02:00:00Z,44.2716,-68.1079,68.53983,3.1405,LOWELL,TDO-1,eMOLT
55334,3,2026-04-15T03:00:00Z,44.2716,-68.1079,68.067,3.1763334,LOWELL,TDO-1,eMOLT
55334,3,2026-04-15T04:00:00Z,44.2716,-68.1079,67.22483,3.3088334,LOWELL,TDO-1,eMOLT
55334,3,2026-04-15T05:00:00Z,44.2716,-68.1079,66.464836,3.4058332,LOWELL,TDO-1,eMOLT
55334,3,2026-04-15T06:00:00Z,44.2716,-68.1079,65.96833,3.422,LOWELL,TDO-1,eMOLT
55334,3,2026-04-15T07:00:00Z,44.2716,-68.1079,65.7935,3.429,LOWELL,TDO-1,eMOLT
55334,3,2026-04-15T08:00:00Z,44.2716,-68.1079,65.9705,3.4273334,LOWELL,TDO-1,eMOLT
55334,3,2026-04-15T09:00:00Z,44.2716,-68.1079,66.50183,3.4165,LOWELL,TDO-1,eMOLT
55334,3,2026-04-15T10:00:00Z,44.2716,-68.1079,67.2725,3.3955,LOWELL,TDO-1,eMOLT
55334,3,2026-04-15T11:00:00Z,44.2716,-68.1079,68.043,3.3623333,LOWELL,TDO-1,eMOLT
55334,3,2026-04-15T12:00:00Z,44.2716,-68.1079,68.51862,3.3144374,LOWELL,TDO-1,eMOLT
55335,3,2026-04-13T00:00:00Z,43.9635,NaN,76.65,3.59875,ZEBRAT,TD-20,eMOLT
55335,3,2026-04-13T01:00:00Z,43.9635,NaN,76.425,3.5839167,ZEBRAT,TD-20,eMOLT
55335,3,2026-04-13T02:00:00Z,43.9635,NaN,76.058334,3.5833333,ZEBRAT,TD-20,eMOLT
55335,3,2026-04-13T03:00:00Z,43.9635,NaN,75.541664,3.5834167,ZEBRAT,TD-20,eMOLT
55335,3,2026-04-13T04:00:00Z,43.9635,NaN,75.058334,3.58225,ZEBRAT,TD-20,eMOLT
55335,3,2026-04-13T05:00:00Z,43.9635,NaN,74.75833,3.5888333,ZEBRAT,TD-20,eMOLT
55335,3,2026-04-13T06:00:00Z,43.9635,NaN,74.74167,3.5938334,ZEBRAT,TD-20,eMOLT
55335,3,2026-04-13T07:00:00Z,43.9635,NaN,74.96667,3.6104167,ZEBRAT,TD-20,eMOLT
55335,3,2026-04-13T08:00:00Z,43.9635,NaN,75.416664,3.6265833,ZEBRAT,TD-20,eMOLT
55335,3,2026-04-13T09:00:00Z,43.9635,NaN,75.975,3.655,ZEBRAT,TD-20,eMOLT
55335,3,2026-04-13T10:00:00Z,43.9635,NaN,76.48333,3.66525,ZEBRAT,TD-20,eMOLT
55335,3,2026-04-13T11:00:00Z,43.9635,NaN,76.825,3.6380832,ZEBRAT,TD-20,eMOLT
55335,3,2026-04-13T12:00:00Z,43.9635,NaN,76.9,3.6441667,ZEBRAT,TD-20,eMOLT
55335,3,2026-04-13T13:00:00Z,43.9635,NaN,76.73333,3.6679168,ZEBRAT,TD-20,eMOLT
55335,3,2026-04-13T14:00:00Z,43.9635,NaN,76.325,3.6711667,ZEBRAT,TD-20,eMOLT
55335,3,2026-04-13T15:00:00Z,43.9635,NaN,75.73333,3.6481667,ZEBRAT,TD-20,eMOLT
55335,3,2026-04-13T16:00:00Z,43.9635,NaN,75.13333,3.65375,ZEBRAT,TD-20,eMOLT
55335,3,2026-04-13T17:00:00Z,43.9635,NaN,74.691666,3.6728334,ZEBRAT,TD-20,eMOLT
55335,3,2026-04-13T18:00:00Z,43.9635,NaN,74.46667,3.6735833,ZEBRAT,TD-20,eMOLT
55335,3,2026-04-13T19:00:00Z,43.9635,NaN,74.59167,3.6930833,ZEBRAT,TD-20,eMOLT
55335,3,2026-04-13T20:00:00Z,43.9635,NaN,74.933334,3.6975,ZEBRAT,TD-20,eMOLT
55335,3,2026-04-13T21:00:00Z,43.9635,NaN,75.458336,3.6956666,ZEBRAT,TD-20,eMOLT
55335,3,2026-04-13T22:00:00Z,43.9635,NaN,76.03333,3.714,ZEBRAT,TD-20,eMOLT
55335,3,2026-04-13T23:00:00Z,43.9635,NaN,76.475,3.7216666,ZEBRAT,TD-20,eMOLT
55335,3,2026-04-14T00:00:00Z,43.9635,NaN,76.71667,3.73125,ZEBRAT,TD-20,eMOLT
55335,3,2026-04-14T01:00:00Z,43.9635,NaN,76.666664,3.7380834,ZEBRAT,TD-20,eMOLT
55335,3,2026-04-14T02:00:00Z,43.9635,NaN,76.35833,3.7495832,ZEBRAT,TD-20,eMOLT
55335,3,2026-04-14T03:00:00Z,43.9635,NaN,75.85833,3.7526667,ZEBRAT,TD-20,eMOLT
55335,3,2026-04-14T04:00:00Z,43.9635,NaN,75.26667,3.7445834,ZEBRAT,TD-20,eMOLT
55335,3,2026-04-14T05:00:00Z,43.9635,NaN,74.8,3.7406666,ZEBRAT,TD-20,eMOLT
55335,3,2026-04-14T06:00:00Z,43.9635,NaN,74.5,3.7384167,ZEBRAT,TD-20,eMOLT
55335,3,2026-04-14T07:00:00Z,43.9635,NaN,74.566666,3.73975,ZEBRAT,TD-20,eMOLT
55335,3,2026-04-14T08:00:00Z,43.9635,NaN,74.88333,3.7490833,ZEBRAT,TD-20,eMOLT
55335,3,2026-04-14T09:00:00Z,43.9635,NaN,75.416664,3.7524166,ZEBRAT,TD-20,eMOLT
55335,3,2026-04-14T10:00:00Z,43.9635,NaN,76.075,3.7539167,ZEBRAT,TD-20,eMOLT
55336,3,2026-04-14T10:00:00Z,42.00275,-70.5121,37.4,3.6146667,ZEBRAT,TD-20,eMOLT
55335,3,2026-04-14T11:00:00Z,43.9635,NaN,76.60833,3.7554166,ZEBRAT,TD-20,eMOLT
55337,3,2026-04-14T11:00:00Z,42.0028,-70.51095,37.8,3.6133332,ZEBRAT,TD-20,eMOLT
55335,3,2026-04-14T12:00:00Z,43.9635,NaN,76.941666,3.7439167,ZEBRAT,TD-20,eMOLT
55335,3,2026-04-14T13:00:00Z,43.9635,NaN,76.98333,3.744,ZEBRAT,TD-20,eMOLT
55340,3,2026-04-14T13:00:00Z,42.00085,-70.51035,38.3,3.608,ZEBRAT,TD-20,eMOLT
55335,3,2026-04-14T14:00:00Z,43.9635,NaN,76.725,3.7448332,ZEBRAT,TD-20,eMOLT
55335,3,2026-04-14T15:00:00Z,43.9635,NaN,76.21667,3.7505,ZEBRAT,TD-20,eMOLT
55342,3,2026-04-14T15:00:00Z,42.007,-70.5082,38.4,3.607,ZEBRAT,TD-20,eMOLT
55335,3,2026-04-14T16:00:00Z,43.9635,NaN,75.51667,3.7605,ZEBRAT,TD-20,eMOLT
55335,3,2026-04-14T17:00:00Z,43.9635,NaN,74.9,3.765,ZEBRAT,TD-20,eMOLT
55345,3,2026-04-14T17:00:00Z,42.00735,-70.5092,35.9,3.631,ZEBRAT,TD-20,eMOLT
55335,3,2026-04-14T18:00:00Z,43.9635,NaN,74.475,3.76625,ZEBRAT,TD-20,eMOLT
55335,3,2026-04-14T19:00:00Z,43.9635,NaN,74.34167,3.7824166,ZEBRAT,TD-20,eMOLT
55347,3,2026-04-14T19:00:00Z,42.0088,-70.5033,34.6,3.629,ZEBRAT,TD-20,eMOLT
55335,3,2026-04-14T20:00:00Z,43.9635,NaN,74.53333,3.7928333,ZEBRAT,TD-20,eMOLT
55335,3,2026-04-14T21:00:00Z,43.9635,NaN,75.05,3.7444167,ZEBRAT,TD-20,eMOLT
55335,3,2026-04-14T22:00:00Z,43.9635,NaN,75.73333,3.7101667,ZEBRAT,TD-20,eMOLT
55335,3,2026-04-14T23:00:00Z,43.9635,NaN,76.4,3.7035,ZEBRAT,TD-20,eMOLT
55335,3,2026-04-15T00:00:00Z,43.9635,NaN,76.86667,3.72325,ZEBRAT,TD-20,eMOLT
55335,3,2026-04-15T01:00:00Z,43.9635,NaN,77.083336,3.7356668,ZEBRAT,TD-20,eMOLT
55335,3,2026-04-15T02:00:00Z,43.9635,NaN,76.96667,3.7440834,ZEBRAT,TD-20,eMOLT
55335,3,2026-04-15T03:00:00Z,43.9635,NaN,76.541664,3.74525,ZEBRAT,TD-20,eMOLT
55335,3,2026-04-15T04:00:00Z,43.9635,NaN,75.875,3.7496667,ZEBRAT,TD-20,eMOLT
55335,3,2026-04-15T05:00:00Z,43.9635,NaN,75.15833,3.7584167,ZEBRAT,TD-20,eMOLT
55335,3,2026-04-15T06:00:00Z,43.9635,NaN,74.64167,3.765,ZEBRAT,TD-20,eMOLT
55335,3,2026-04-15T07:00:00Z,43.9635,NaN,74.425,3.7651668,ZEBRAT,TD-20,eMOLT
55335,3,2026-04-15T08:00:00Z,43.9635,NaN,74.5,3.7836666,ZEBRAT,TD-20,eMOLT
55335,3,2026-04-15T09:00:00Z,43.948265,NaN,74.9,3.78625,ZEBRAT,TD-20,eMOLT
55335,3,2026-04-15T10:00:00Z,43.8491,NaN,75.48,3.7832,ZEBRAT,TD-20,eMOLT
55349,3,2026-04-13T00:00:00Z,44.2841,-67.8443,72.475,3.1625,ZEBRATECH,TD-200,eMOLT
55349,3,2026-04-13T01:00:00Z,44.2841,-67.8443,72.125,3.18275,ZEBRATECH,TD-200,eMOLT
55349,3,2026-04-13T02:00:00Z,44.2841,-67.8443,71.55,3.16425,ZEBRATECH,TD-200,eMOLT
55349,3,2026-04-13T03:00:00Z,44.2841,-67.8443,71.0,3.18375,ZEBRATECH,TD-200,eMOLT
55349,3,2026-04-13T04:00:00Z,44.2841,-67.8443,70.55,3.1665,ZEBRATECH,TD-200,eMOLT
55349,3,2026-04-13T05:00:00Z,44.2841,-67.8443,70.225,3.163,ZEBRATECH,TD-200,eMOLT
55349,3,2026-04-13T06:00:00Z,44.2841,-67.8443,70.3,3.163,ZEBRATECH,TD-200,eMOLT
55349,3,2026-04-13T07:00:00Z,44.2841,-67.8443,70.65,3.17825,ZEBRATECH,TD-200,eMOLT
55349,3,2026-04-13T08:00:00Z,44.2841,-67.8443,71.2,3.204,ZEBRATECH,TD-200,eMOLT
55349,3,2026-04-13T09:00:00Z,44.2841,-67.8443,71.875,3.17675,ZEBRATECH,TD-200,eMOLT
55349,3,2026-04-13T10:00:00Z,44.2841,-67.8443,72.425,3.177,ZEBRATECH,TD-200,eMOLT
55349,3,2026-04-13T11:00:00Z,44.2841,-67.8443,72.75,3.18,ZEBRATECH,TD-200,eMOLT
55349,3,2026-04-13T12:00:00Z,44.2841,-67.8443,72.75,3.1875,ZEBRATECH,TD-200,eMOLT
55349,3,2026-04-13T13:00:00Z,44.2841,-67.8443,72.45,3.18925,ZEBRATECH,TD-200,eMOLT
55349,3,2026-04-13T14:00:00Z,44.2841,-67.8443,71.875,3.2525,ZEBRATECH,TD-200,eMOLT
55349,3,2026-04-13T15:00:00Z,44.2841,-67.8443,71.175,3.24825,ZEBRATECH,TD-200,eMOLT
55349,3,2026-04-13T16:00:00Z,44.2841,-67.8443,70.55,3.19525,ZEBRATECH,TD-200,eMOLT
55349,3,2026-04-13T17:00:00Z,44.2841,-67.8443,70.125,3.155,ZEBRATECH,TD-200,eMOLT
55349,3,2026-04-13T18:00:00Z,44.2841,-67.8443,70.0,3.1495,ZEBRATECH,TD-200,eMOLT
55349,3,2026-04-13T19:00:00Z,44.2841,-67.8443,70.15,3.1515,ZEBRATECH,TD-200,eMOLT
55349,3,2026-04-13T20:00:00Z,44.2841,-67.8443,70.625,3.1895,ZEBRATECH,TD-200,eMOLT
55349,3,2026-04-13T21:00:00Z,44.2841,-67.8443,71.35,3.24675,ZEBRATECH,TD-200,eMOLT
55349,3,2026-04-13T22:00:00Z,44.2841,-67.8443,72.025,3.32575,ZEBRATECH,TD-200,eMOLT
55349,3,2026-04-13T23:00:00Z,44.2841,-67.8443,72.45,3.37675,ZEBRATECH,TD-200,eMOLT
55349,3,2026-04-14T00:00:00Z,44.2841,-67.8443,72.65,3.38775,ZEBRATECH,TD-200,eMOLT
55349,3,2026-04-14T01:00:00Z,44.2841,-67.8443,72.45,3.37425,ZEBRATECH,TD-200,eMOLT
55349,3,2026-04-14T02:00:00Z,44.2841,-67.8443,72.025,3.31525,ZEBRATECH,TD-200,eMOLT
55349,3,2026-04-14T03:00:00Z,44.2841,-67.8443,71.375,3.253,ZEBRATECH,TD-200,eMOLT
55349,3,2026-04-14T04:00:00Z,44.2841,-67.8443,70.7,3.20775,ZEBRATECH,TD-200,eMOLT
55349,3,2026-04-14T05:00:00Z,44.2841,-67.8443,70.2,3.171,ZEBRATECH,TD-200,eMOLT
55349,3,2026-04-14T06:00:00Z,44.2841,-67.8443,69.975,3.15825,ZEBRATECH,TD-200,eMOLT
55349,3,2026-04-14T07:00:00Z,44.2841,-67.8443,70.125,3.15175,ZEBRATECH,TD-200,eMOLT
55349,3,2026-04-14T08:00:00Z,44.2841,-67.8443,70.55,3.15325,ZEBRATECH,TD-200,eMOLT
55349,3,2026-04-14T09:00:00Z,44.2841,-67.8443,71.275,3.1725,ZEBRATECH,TD-200,eMOLT
55349,3,2026-04-14T10:00:00Z,44.2841,-67.8443,71.975,3.19575,ZEBRATECH,TD-200,eMOLT
55349,3,2026-04-14T11:00:00Z,44.2841,-67.8443,72.6,3.21,ZEBRATECH,TD-200,eMOLT
55349,3,2026-04-14T12:00:00Z,44.2841,-67.8443,72.85,3.218,ZEBRATECH,TD-200,eMOLT
55349,3,2026-04-14T13:00:00Z,44.2841,-67.8443,72.85,3.20125,ZEBRATECH,TD-200,eMOLT
55349,3,2026-04-14T14:00:00Z,44.2841,-67.8443,72.4,3.1675,ZEBRATECH,TD-200,eMOLT
55349,3,2026-04-14T15:00:00Z,44.2841,-67.8443,71.7,3.142,ZEBRATECH,TD-200,eMOLT
55349,3,2026-04-14T16:00:00Z,44.2841,-67.8443,70.9,3.147,ZEBRATECH,TD-200,eMOLT
55349,3,2026-04-14T17:00:00Z,44.2841,-67.8443,70.25,3.17275,ZEBRATECH,TD-200,eMOLT
55349,3,2026-04-14T18:00:00Z,44.2841,-67.8443,69.85,3.19125,ZEBRATECH,TD-200,eMOLT
55349,3,2026-04-14T19:00:00Z,44.2841,-67.8443,69.825,3.19225,ZEBRATECH,TD-200,eMOLT
55349,3,2026-04-14T20:00:00Z,44.2841,-67.8443,70.2,3.1855,ZEBRATECH,TD-200,eMOLT
55349,3,2026-04-14T21:00:00Z,44.2841,-67.8443,70.9,3.17575,ZEBRATECH,TD-200,eMOLT
55349,3,2026-04-14T22:00:00Z,44.2841,-67.8443,71.7,3.15425,ZEBRATECH,TD-200,eMOLT
55349,3,2026-04-14T23:00:00Z,44.2841,-67.8443,72.4,3.166,ZEBRATECH,TD-200,eMOLT
55349,3,2026-04-15T00:00:00Z,44.2841,-67.8443,72.875,3.17025,ZEBRATECH,TD-200,eMOLT
55349,3,2026-04-15T01:00:00Z,44.2841,-67.8443,73.0,3.1685,ZEBRATECH,TD-200,eMOLT
55349,3,2026-04-15T02:00:00Z,44.2841,-67.8443,72.75,3.166,ZEBRATECH,TD-200,eMOLT
55349,3,2026-04-15T03:00:00Z,44.2841,-67.8443,72.15,3.191,ZEBRATECH,TD-200,eMOLT
55349,3,2026-04-15T04:00:00Z,44.2841,-67.8443,71.35,3.21075,ZEBRATECH,TD-200,eMOLT
55349,3,2026-04-15T05:00:00Z,44.2841,-67.8443,70.6,3.20425,ZEBRATECH,TD-200,eMOLT
55349,3,2026-04-15T06:00:00Z,44.2841,-67.8443,70.05,3.19525,ZEBRATECH,TD-200,eMOLT
55349,3,2026-04-15T07:00:00Z,44.2841,-67.8443,69.9,3.19375,ZEBRATECH,TD-200,eMOLT
55349,3,2026-04-15T08:00:00Z,44.2841,-67.8443,70.125,3.185,ZEBRATECH,TD-200,eMOLT
55349,3,2026-04-15T09:00:00Z,44.2841,-67.8443,70.65,3.17075,ZEBRATECH,TD-200,eMOLT
55349,3,2026-04-15T10:00:00Z,44.2841,-67.8443,71.5,3.171,ZEBRATECH,TD-200,eMOLT
55349,3,2026-04-15T11:00:00Z,44.2841,-67.8443,72.275,3.1785,ZEBRATECH,TD-200,eMOLT
55349,3,2026-04-15T12:00:00Z,44.2841,-67.8443,72.875,3.19175,ZEBRATECH,TD-200,eMOLT
55352,3,2026-04-13T00:00:00Z,43.8748,-68.2369,145.68433,3.9796667,LOWELL,TDO-1,eMOLT
55352,3,2026-04-13T01:00:00Z,43.8748,-68.2369,145.3935,4.087,LOWELL,TDO-1,eMOLT
55352,3,2026-04-13T02:00:00Z,43.8748,-68.2369,144.9135,3.9843333,LOWELL,TDO-1,eMOLT
55352,3,2026-04-13T03:00:00Z,43.8748,-68.2369,144.39534,3.9298334,LOWELL,TDO-1,eMOLT
55352,3,2026-04-13T04:00:00Z,43.8748,-68.2369,143.955,3.9598334,LOWELL,TDO-1,eMOLT
55352,3,2026-04-13T05:00:00Z,43.8748,-68.2369,143.72667,4.0298333,LOWELL,TDO-1,eMOLT
55352,3,2026-04-13T06:00:00Z,43.8748,-68.2369,143.7725,4.0031667,LOWELL,TDO-1,eMOLT
55352,3,2026-04-13T07:00:00Z,43.8748,-68.2369,144.0615,4.0336666,LOWELL,TDO-1,eMOLT
55352,3,2026-04-13T08:00:00Z,43.8748,-68.2369,144.5725,4.0793333,LOWELL,TDO-1,eMOLT
55352,3,2026-04-13T09:00:00Z,43.8748,-68.2369,145.16083,4.0095,LOWELL,TDO-1,eMOLT
55352,3,2026-04-13T10:00:00Z,43.8748,-68.2369,145.66766,3.981,LOWELL,TDO-1,eMOLT
55352,3,2026-04-13T11:00:00Z,43.8748,-68.2369,145.96117,3.9601667,LOWELL,TDO-1,eMOLT
55352,3,2026-04-13T12:00:00Z,43.8748,-68.2369,145.97,3.9543333,LOWELL,TDO-1,eMOLT
55352,3,2026-04-13T13:00:00Z,43.8748,-68.2369,145.68216,4.0573335,LOWELL,TDO-1,eMOLT
55352,3,2026-04-13T14:00:00Z,43.8748,-68.2369,145.18233,4.009,LOWELL,TDO-1,eMOLT
55352,3,2026-04-13T15:00:00Z,43.8748,-68.2369,144.55983,3.9633334,LOWELL,TDO-1,eMOLT
55352,3,2026-04-13T16:00:00Z,43.8748,-68.2369,143.9915,4.0085,LOWELL,TDO-1,eMOLT
55352,3,2026-04-13T17:00:00Z,43.8748,-68.2369,143.57666,4.074333,LOWELL,TDO-1,eMOLT
55352,3,2026-04-13T18:00:00Z,43.8748,-68.2369,143.44633,4.053167,LOWELL,TDO-1,eMOLT
55352,3,2026-04-13T19:00:00Z,43.8748,-68.2369,143.63367,3.9776666,LOWELL,TDO-1,eMOLT
55352,3,2026-04-13T20:00:00Z,43.8748,-68.2369,144.0555,4.0645,LOWELL,TDO-1,eMOLT
55352,3,2026-04-13T21:00:00Z,43.8748,-68.2369,144.67317,4.058,LOWELL,TDO-1,eMOLT
55352,3,2026-04-13T22:00:00Z,43.8748,-68.2369,145.245,4.0381665,LOWELL,TDO-1,eMOLT
55352,3,2026-04-13T23:00:00Z,43.8748,-68.2369,145.662,4.0335,LOWELL,TDO-1,eMOLT
55352,3,2026-04-14T00:00:00Z,43.8748,-68.2369,145.82983,3.9998333,LOWELL,TDO-1,eMOLT
55352,3,2026-04-14T01:00:00Z,43.8748,-68.2369,145.68483,4.0075,LOWELL,TDO-1,eMOLT
55352,3,2026-04-14T02:00:00Z,43.8748,-68.2369,145.31616,4.0105,LOWELL,TDO-1,eMOLT
55352,3,2026-04-14T03:00:00Z,43.8748,-68.2369,144.7405,3.9106667,LOWELL,TDO-1,eMOLT
55352,3,2026-04-14T04:00:00Z,43.8748,-68.2369,144.12984,3.9196668,LOWELL,TDO-1,eMOLT
55352,3,2026-04-14T05:00:00Z,43.8748,-68.2369,143.6795,4.017667,LOWELL,TDO-1,eMOLT
55352,3,2026-04-14T06:00:00Z,43.8748,-68.2369,143.49167,4.030667,LOWELL,TDO-1,eMOLT
55352,3,2026-04-14T07:00:00Z,43.8748,-68.2369,143.59283,3.9978333,LOWELL,TDO-1,eMOLT
55352,3,2026-04-14T08:00:00Z,43.8748,-68.2369,143.99466,4.0521665,LOWELL,TDO-1,eMOLT
55352,3,2026-04-14T09:00:00Z,43.8748,-68.2369,144.5925,4.051833,LOWELL,TDO-1,eMOLT
55352,3,2026-04-14T10:00:00Z,43.8748,-68.2369,145.25816,3.9525,LOWELL,TDO-1,eMOLT
55352,3,2026-04-14T11:00:00Z,43.8748,-68.2369,145.80333,3.9028332,LOWELL,TDO-1,eMOLT
55352,3,2026-04-14T12:00:00Z,43.8748,-68.2369,146.06416,3.9783332,LOWELL,TDO-1,eMOLT
55352,3,2026-04-14T13:00:00Z,43.8748,-68.2369,146.00517,4.028,LOWELL,TDO-1,eMOLT
55352,3,2026-04-14T14:00:00Z,43.8748,-68.2369,145.63933,3.9855,LOWELL,TDO-1,eMOLT
55352,3,2026-04-14T15:00:00Z,43.8748,-68.2369,145.038,3.8913333,LOWELL,TDO-1,eMOLT
55352,3,2026-04-14T16:00:00Z,43.8748,-68.2369,144.34367,3.9175,LOWELL,TDO-1,eMOLT
55352,3,2026-04-14T17:00:00Z,43.8748,-68.2369,143.74,3.9823334,LOWELL,TDO-1,eMOLT
55352,3,2026-04-14T18:00:00Z,43.8748,-68.2369,143.379,3.938,LOWELL,TDO-1,eMOLT
55352,3,2026-04-14T19:00:00Z,43.8748,-68.2369,143.35167,3.9123333,LOWELL,TDO-1,eMOLT
55352,3,2026-04-14T20:00:00Z,43.8748,-68.2369,143.65683,3.9658334,LOWELL,TDO-1,eMOLT
55352,3,2026-04-14T21:00:00Z,43.8748,-68.2369,144.2535,3.9325,LOWELL,TDO-1,eMOLT
55352,3,2026-04-14T22:00:00Z,43.8748,-68.2369,144.96867,3.9016666,LOWELL,TDO-1,eMOLT
55352,3,2026-04-14T23:00:00Z,43.8748,-68.2369,145.6275,3.91,LOWELL,TDO-1,eMOLT
55352,3,2026-04-15T00:00:00Z,43.8748,-68.2369,146.04784,3.9228334,LOWELL,TDO-1,eMOLT
55352,3,2026-04-15T01:00:00Z,43.8748,-68.2369,146.16733,3.942,LOWELL,TDO-1,eMOLT
55352,3,2026-04-15T02:00:00Z,43.8748,-68.2369,145.92816,4.079,LOWELL,TDO-1,eMOLT
55352,3,2026-04-15T03:00:00Z,43.8748,-68.2369,145.405,4.0206666,LOWELL,TDO-1,eMOLT
55352,3,2026-04-15T04:00:00Z,43.8748,-68.2369,144.7045,3.8583333,LOWELL,TDO-1,eMOLT
55352,3,2026-04-15T05:00:00Z,43.8748,-68.2369,144.00816,3.9061666,LOWELL,TDO-1,eMOLT
55352,3,2026-04-15T06:00:00Z,43.8748,-68.2369,143.54517,4.004833,LOWELL,TDO-1,eMOLT
55352,3,2026-04-15T07:00:00Z,43.8748,-68.2369,143.41283,3.957,LOWELL,TDO-1,eMOLT
55352,3,2026-04-15T08:00:00Z,43.8748,-68.2369,143.60483,3.9556668,LOWELL,TDO-1,eMOLT
55352,3,2026-04-15T09:00:00Z,43.8748,-68.2369,144.09433,4.0301666,LOWELL,TDO-1,eMOLT
55352,3,2026-04-15T10:00:00Z,43.8748,-68.2369,144.80933,3.9955,LOWELL,TDO-1,eMOLT
55352,3,2026-04-15T11:00:00Z,43.8748,-68.2369,145.516,4.0265,LOWELL,TDO-1,eMOLT
55352,3,2026-04-15T12:00:00Z,43.8748,-68.2369,146.04283,3.9868333,LOWELL,TDO-1,eMOLT
55352,3,2026-04-15T13:00:00Z,43.8748,-68.2369,146.25717,3.9243333,LOWELL,TDO-1,eMOLT
55352,3,2026-04-15T14:00:00Z,43.8748,-68.2369,146.106,4.0516667,LOWELL,TDO-1,eMOLT
55352,3,2026-04-15T15:00:00Z,43.8748,-68.2369,145.60617,4.0135,LOWELL,TDO-1,eMOLT
55352,3,2026-04-15T16:00:00Z,43.8748,-68.2369,144.90233,3.8948333,LOWELL,TDO-1,eMOLT
55352,3,2026-04-15T17:00:00Z,43.8748,-68.2369,144.12,4.037667,LOWELL,TDO-1,eMOLT
55352,3,2026-04-15T18:00:00Z,43.8748,-68.2369,143.53583,4.0881667,LOWELL,TDO-1,eMOLT
55352,3,2026-04-15T19:00:00Z,43.8748,-68.2369,143.231,4.030667,LOWELL,TDO-1,eMOLT
55352,3,2026-04-15T20:00:00Z,43.8748,-68.2369,143.3215,3.9635,LOWELL,TDO-1,eMOLT
55352,3,2026-04-15T21:00:00Z,43.8748,-68.2369,143.80783,3.9443333,LOWELL,TDO-1,eMOLT
55352,3,2026-04-15T22:00:00Z,43.8748,-68.2369,144.52367,3.9768333,LOWELL,TDO-1,eMOLT
55352,3,2026-04-15T23:00:00Z,43.8748,-68.2369,145.32466,4.043667,LOWELL,TDO-1,eMOLT
55352,3,2026-04-16T00:00:00Z,43.8748,-68.2369,145.99733,4.0348334,LOWELL,TDO-1,eMOLT
55352,3,2026-04-16T01:00:00Z,43.8748,-68.2369,146.3525,3.9578333,LOWELL,TDO-1,eMOLT
55352,3,2026-04-16T02:00:00Z,43.8748,-68.2369,146.35066,4.0475,LOWELL,TDO-1,eMOLT
55352,3,2026-04-16T03:00:00Z,43.8748,-68.2369,145.9755,4.101,LOWELL,TDO-1,eMOLT
55352,3,2026-04-16T04:00:00Z,43.8748,-68.2369,145.2955,4.016667,LOWELL,TDO-1,eMOLT
55352,3,2026-04-16T05:00:00Z,43.8748,-68.2369,144.456,3.8928332,LOWELL,TDO-1,eMOLT
55352,3,2026-04-16T06:00:00Z,43.8748,-68.2369,143.744,3.9208333,LOWELL,TDO-1,eMOLT
55352,3,2026-04-16T07:00:00Z,43.8748,-68.2369,143.301,4.029,LOWELL,TDO-1,eMOLT
55352,3,2026-04-16T08:00:00Z,43.8748,-68.2369,143.21367,3.995,LOWELL,TDO-1,eMOLT
55352,3,2026-04-16T09:00:00Z,43.8748,-68.2369,143.50616,4.008333,LOWELL,TDO-1,eMOLT
55352,3,2026-04-16T10:00:00Z,43.8748,-68.2369,143.91074,4.0147824,LOWELL,TDO-1,eMOLT
55360,3,2026-04-13T00:00:00Z,41.70436,-69.1245,199.93213,5.5510907,LOWELL,TDO-1,eMOLT
55360,3,2026-04-13T01:00:00Z,41.68912,-69.1245,193.17468,5.210387,LOWELL,TDO-1,eMOLT
55360,3,2026-04-13T02:00:00Z,41.717705,-69.1245,184.51277,5.395849,LOWELL,TDO-1,eMOLT
55360,3,2026-04-13T03:00:00Z,41.737473,-69.1245,173.63861,5.189717,LOWELL,TDO-1,eMOLT
55361,3,2026-04-13T07:00:00Z,41.538933,-68.6333,154.2405,5.2433333,LOWELL,TDO-1,eMOLT
55361,3,2026-04-13T08:00:00Z,41.55073,-68.6333,155.20767,5.3791666,LOWELL,TDO-1,eMOLT
55361,3,2026-04-13T09:00:00Z,41.55685,-68.6333,148.30933,5.462167,LOWELL,TDO-1,eMOLT
55361,3,2026-04-13T10:00:00Z,41.55702,-68.6333,141.2625,5.473,LOWELL,TDO-1,eMOLT
55361,3,2026-04-13T11:00:00Z,41.56514,-68.6333,119.04713,5.5275407,LOWELL,TDO-1,eMOLT
55362,3,2026-04-13T13:00:00Z,41.61917,-68.593,149.59976,5.540435,LOWELL,TDO-1,eMOLT
55362,3,2026-04-13T14:00:00Z,41.661766,-68.593,167.5385,5.5226665,LOWELL,TDO-1,eMOLT
55362,3,2026-04-13T15:00:00Z,41.67722,-68.593,175.9293,5.5178847,LOWELL,TDO-1,eMOLT
55362,3,2026-04-13T16:00:00Z,41.6655,-68.593,171.49083,5.4828334,LOWELL,TDO-1,eMOLT
55362,3,2026-04-13T17:00:00Z,41.67025,-68.593,166.39566,5.4051666,LOWELL,TDO-1,eMOLT
55362,3,2026-04-13T18:00:00Z,41.684982,-68.593,159.79346,5.4024196,LOWELL,TDO-1,eMOLT
55363,3,2026-04-13T00:00:00Z,41.3081,-71.1094,31.6265,3.935,LOWELL,TDO-1,eMOLT
55363,3,2026-04-13T01:00:00Z,41.3081,-71.1094,31.517,3.927,LOWELL,TDO-1,eMOLT
55363,3,2026-04-13T02:00:00Z,41.3081,-71.1094,31.5145,3.91525,LOWELL,TDO-1,eMOLT
55363,3,2026-04-13T03:00:00Z,41.3081,-71.1094,31.544,3.92425,LOWELL,TDO-1,eMOLT
55363,3,2026-04-13T04:00:00Z,41.3081,-71.1094,31.63575,3.9365,LOWELL,TDO-1,eMOLT
55363,3,2026-04-13T05:00:00Z,41.3081,-71.1094,31.733,3.96325,LOWELL,TDO-1,eMOLT
55363,3,2026-04-13T06:00:00Z,41.3081,-71.1094,31.9425,3.94475,LOWELL,TDO-1,eMOLT
55363,3,2026-04-13T07:00:00Z,41.3081,-71.1094,32.0225,3.91075,LOWELL,TDO-1,eMOLT
55363,3,2026-04-13T08:00:00Z,41.3081,-71.1094,32.106,3.8825,LOWELL,TDO-1,eMOLT
55363,3,2026-04-13T09:00:00Z,41.3081,-71.1094,32.0835,3.87725,LOWELL,TDO-1,eMOLT
55363,3,2026-04-13T10:00:00Z,41.3081,-71.1094,31.98475,3.879,LOWELL,TDO-1,eMOLT
55363,3,2026-04-13T11:00:00Z,41.3081,-71.1094,31.82725,3.89075,LOWELL,TDO-1,eMOLT
55363,3,2026-04-13T12:00:00Z,41.3081,-71.1094,31.664,3.9025,LOWELL,TDO-1,eMOLT
55363,3,2026-04-13T13:00:00Z,41.3081,-71.1094,31.51925,3.90875,LOWELL,TDO-1,eMOLT
55363,3,2026-04-13T14:00:00Z,41.3081,-71.1094,31.42975,3.919,LOWELL,TDO-1,eMOLT
55363,3,2026-04-13T15:00:00Z,41.3081,-71.1094,31.41225,3.91875,LOWELL,TDO-1,eMOLT
55363,3,2026-04-13T16:00:00Z,41.3081,-71.1094,31.46775,3.9385,LOWELL,TDO-1,eMOLT
55363,3,2026-04-13T17:00:00Z,41.3081,-71.1094,31.60875,4.22875,LOWELL,TDO-1,eMOLT
55363,3,2026-04-13T18:00:00Z,41.3081,-71.1094,31.7765,4.2145,LOWELL,TDO-1,eMOLT
55363,3,2026-04-13T19:00:00Z,41.3081,-71.1094,31.946,4.177,LOWELL,TDO-1,eMOLT
55363,3,2026-04-13T20:00:00Z,41.3081,-71.1094,32.07775,4.10375,LOWELL,TDO-1,eMOLT
55363,3,2026-04-13T21:00:00Z,41.3081,-71.1094,32.14925,4.049,LOWELL,TDO-1,eMOLT
55363,3,2026-04-13T22:00:00Z,41.3081,-71.1094,32.07525,4.03625,LOWELL,TDO-1,eMOLT
55363,3,2026-04-13T23:00:00Z,41.3081,-71.1094,31.8075,4.0465,LOWELL,TDO-1,eMOLT
55363,3,2026-04-14T00:00:00Z,41.3081,-71.1094,31.61675,4.05925,LOWELL,TDO-1,eMOLT
55363,3,2026-04-14T01:00:00Z,41.3081,-71.1094,31.4735,4.06875,LOWELL,TDO-1,eMOLT
55363,3,2026-04-14T02:00:00Z,41.3081,-71.1094,31.2343,4.0776,LOWELL,TDO-1,eMOLT
55363,3,2026-04-14T03:00:00Z,41.3081,-71.1094,31.29575,4.08175,LOWELL,TDO-1,eMOLT
55363,3,2026-04-14T04:00:00Z,41.3081,-71.1094,31.36525,4.0945,LOWELL,TDO-1,eMOLT
55363,3,2026-04-14T05:00:00Z,41.3081,-71.1094,31.4415,4.11125,LOWELL,TDO-1,eMOLT
55363,3,2026-04-14T06:00:00Z,41.3081,-71.1094,31.6215,4.115,LOWELL,TDO-1,eMOLT
55363,3,2026-04-14T07:00:00Z,41.3081,-71.1094,31.9205,4.1128335,LOWELL,TDO-1,eMOLT
55363,3,2026-04-14T08:00:00Z,41.3081,-71.1094,31.98,4.092,LOWELL,TDO-1,eMOLT
55363,3,2026-04-14T09:00:00Z,41.3081,-71.1094,32.07875,4.06625,LOWELL,TDO-1,eMOLT
55363,3,2026-04-14T10:00:00Z,41.3081,-71.1094,32.02125,4.04975,LOWELL,TDO-1,eMOLT
55363,3,2026-04-14T11:00:00Z,41.3081,-71.1094,31.98025,4.06075,LOWELL,TDO-1,eMOLT
55363,3,2026-04-14T12:00:00Z,41.3081,-71.1094,31.7885,4.111,LOWELL,TDO-1,eMOLT
55363,3,2026-04-14T13:00:00Z,41.3081,-71.1094,31.57225,4.19325,LOWELL,TDO-1,eMOLT
55363,3,2026-04-14T14:00:00Z,41.3081,-71.1094,31.44775,4.29175,LOWELL,TDO-1,eMOLT
55363,3,2026-04-14T15:00:00Z,41.3081,-71.1094,31.37475,4.3445,LOWELL,TDO-1,eMOLT
55363,3,2026-04-14T16:00:00Z,41.3081,-71.1094,31.356,4.31525,LOWELL,TDO-1,eMOLT
55363,3,2026-04-14T17:00:00Z,41.3081,-71.1094,31.46775,4.2675,LOWELL,TDO-1,eMOLT
55363,3,2026-04-14T18:00:00Z,41.3081,-71.1094,31.651,4.24925,LOWELL,TDO-1,eMOLT
55363,3,2026-04-14T19:00:00Z,41.3081,-71.1094,31.8825,4.355,LOWELL,TDO-1,eMOLT
55363,3,2026-04-14T20:00:00Z,41.3081,-71.1094,32.17975,4.71675,LOWELL,TDO-1,eMOLT
55363,3,2026-04-14T21:00:00Z,41.3081,-71.1094,32.27425,4.632,LOWELL,TDO-1,eMOLT
55363,3,2026-04-14T22:00:00Z,41.3081,-71.1094,32.27875,4.383,LOWELL,TDO-1,eMOLT
55363,3,2026-04-14T23:00:00Z,41.3081,-71.1094,32.248,4.33925,LOWELL,TDO-1,eMOLT
55363,3,2026-04-15T00:00:00Z,41.3081,-71.1094,31.96825,4.368,LOWELL,TDO-1,eMOLT
55363,3,2026-04-15T01:00:00Z,41.3081,-71.1094,31.74275,4.4045,LOWELL,TDO-1,eMOLT
55363,3,2026-04-15T02:00:00Z,41.3081,-71.1094,31.54525,4.44175,LOWELL,TDO-1,eMOLT
55363,3,2026-04-15T03:00:00Z,41.3081,-71.1094,31.424,4.452,LOWELL,TDO-1,eMOLT
55363,3,2026-04-15T04:00:00Z,41.3081,-71.1094,31.3875,4.37025,LOWELL,TDO-1,eMOLT
55363,3,2026-04-15T05:00:00Z,41.3081,-71.1094,31.39,4.326,LOWELL,TDO-1,eMOLT
55363,3,2026-04-15T06:00:00Z,41.3081,-71.1094,31.51575,4.32425,LOWELL,TDO-1,eMOLT
55363,3,2026-04-15T07:00:00Z,41.3081,-71.1094,31.8015,4.402,LOWELL,TDO-1,eMOLT
55363,3,2026-04-15T08:00:00Z,41.3081,-71.1094,32.0025,4.361,LOWELL,TDO-1,eMOLT
55363,3,2026-04-15T09:00:00Z,41.3081,-71.1094,32.247,4.25725,LOWELL,TDO-1,eMOLT
55363,3,2026-04-15T10:00:00Z,41.3081,-71.1094,32.25975,4.13125,LOWELL,TDO-1,eMOLT
55363,3,2026-04-15T11:00:00Z,41.3081,-71.1094,32.22225,4.09025,LOWELL,TDO-1,eMOLT
55363,3,2026-04-15T12:00:00Z,41.3081,-71.1094,32.034,4.08725,LOWELL,TDO-1,eMOLT
55363,3,2026-04-15T13:00:00Z,41.3081,-71.1094,31.78375,4.17925,LOWELL,TDO-1,eMOLT
55363,3,2026-04-15T14:00:00Z,41.3081,-71.1094,31.55,4.29775,LOWELL,TDO-1,eMOLT
55363,3,2026-04-15T15:00:00Z,41.3081,-71.1094,31.39825,4.3445,LOWELL,TDO-1,eMOLT
55363,3,2026-04-15T16:00:00Z,41.3081,-71.1094,31.3735,4.36675,LOWELL,TDO-1,eMOLT
55363,3,2026-04-15T17:00:00Z,41.3081,-71.1094,31.43825,4.35975,LOWELL,TDO-1,eMOLT
55363,3,2026-04-15T18:00:00Z,41.3081,-71.1094,31.60375,4.372,LOWELL,TDO-1,eMOLT
55363,3,2026-04-15T19:00:00Z,41.3081,-71.1094,31.772,4.5105,LOWELL,TDO-1,eMOLT
55363,3,2026-04-15T20:00:00Z,41.3081,-71.1094,32.0835,4.608,LOWELL,TDO-1,eMOLT
55363,3,2026-04-15T21:00:00Z,41.3081,-71.1094,32.30575,4.48525,LOWELL,TDO-1,eMOLT
55363,3,2026-04-15T22:00:00Z,41.3081,-71.1094,32.46675,4.3865,LOWELL,TDO-1,eMOLT
55363,3,2026-04-15T23:00:00Z,41.3081,-71.1094,32.441,4.32275,LOWELL,TDO-1,eMOLT
55363,3,2026-04-16T00:00:00Z,41.3081,-71.1094,32.27525,4.3605,LOWELL,TDO-1,eMOLT
55363,3,2026-04-16T01:00:00Z,41.3081,-71.1094,31.98325,4.42675,LOWELL,TDO-1,eMOLT
55363,3,2026-04-16T02:00:00Z,41.3081,-71.1094,31.69325,4.55775,LOWELL,TDO-1,eMOLT
55363,3,2026-04-16T03:00:00Z,41.3081,-71.1094,31.477,4.636,LOWELL,TDO-1,eMOLT
55363,3,2026-04-16T04:00:00Z,41.3081,-71.1094,31.37475,4.638,LOWELL,TDO-1,eMOLT
55363,3,2026-04-16T05:00:00Z,41.3081,-71.1094,31.316,4.6535,LOWELL,TDO-1,eMOLT
55363,3,2026-04-16T06:00:00Z,41.3081,-71.1094,31.38075,4.66625,LOWELL,TDO-1,eMOLT
55363,3,2026-04-16T07:00:00Z,41.3081,-71.1094,31.57575,4.69025,LOWELL,TDO-1,eMOLT
55363,3,2026-04-16T08:00:00Z,41.3081,-71.1094,31.88125,4.741,LOWELL,TDO-1,eMOLT
55363,3,2026-04-16T09:00:00Z,41.3081,-71.1094,32.14,4.72725,LOWELL,TDO-1,eMOLT
55363,3,2026-04-16T10:00:00Z,41.3081,-71.1094,32.3515,4.4685,LOWELL,TDO-1,eMOLT
55363,3,2026-04-16T11:00:00Z,41.3081,-71.1094,32.402,4.38425,LOWELL,TDO-1,eMOLT
55363,3,2026-04-16T12:00:00Z,41.3081,-71.1094,32.28575,4.36375,LOWELL,TDO-1,eMOLT
55363,3,2026-04-16T13:00:00Z,41.3081,-71.1094,31.99175,4.44425,LOWELL,TDO-1,eMOLT
55363,3,2026-04-16T14:00:00Z,41.3081,-71.1094,31.704,4.6555,LOWELL,TDO-1,eMOLT
55363,3,2026-04-16T15:00:00Z,41.3081,-71.1094,31.4895,4.8803334,LOWELL,TDO-1,eMOLT
55364,3,2026-04-15T13:00:00Z,37.70619,-74.2234,40.2782,11.528651,LOWELL,TDO-1,eMOLT
55364,3,2026-04-15T14:00:00Z,37.76789,-74.2234,31.85845,11.358817,LOWELL,TDO-1,eMOLT
55364,3,2026-04-15T15:00:00Z,37.789215,-74.2234,37.19253,11.36795,LOWELL,TDO-1,eMOLT
55364,3,2026-04-15T16:00:00Z,37.78765,-74.2234,46.946865,11.664516,LOWELL,TDO-1,eMOLT
55364,3,2026-04-15T17:00:00Z,37.76833,-74.2234,54.621284,11.7684,LOWELL,TDO-1,eMOLT
55364,3,2026-04-15T18:00:00Z,37.77193,-74.2234,48.18133,11.634434,LOWELL,TDO-1,eMOLT
55364,3,2026-04-15T19:00:00Z,37.7749,-74.2234,37.583508,10.848627,LOWELL,TDO-1,eMOLT
55364,3,2026-04-15T20:00:00Z,37.748833,-74.2234,36.09725,11.099977,LOWELL,TDO-1,eMOLT
55364,3,2026-04-15T21:00:00Z,37.68574,-74.2234,35.025917,11.157,LOWELL,TDO-1,eMOLT
55364,3,2026-04-15T22:00:00Z,37.64342,-74.2234,22.99205,11.419283,LOWELL,TDO-1,eMOLT
55364,3,2026-04-15T23:00:00Z,37.600132,-74.2234,19.912994,11.265651,LOWELL,TDO-1,eMOLT
55366,3,2026-04-13T00:00:00Z,43.2217,-69.3304,147.87233,4.5451665,LOWELL,TDO-1,eMOLT
55366,3,2026-04-13T01:00:00Z,43.2217,-69.3304,147.67734,4.900833,LOWELL,TDO-1,eMOLT
55366,3,2026-04-13T02:00:00Z,43.2217,-69.3304,147.2985,4.872,LOWELL,TDO-1,eMOLT
55366,3,2026-04-13T03:00:00Z,43.2217,-69.3304,146.80817,4.8855,LOWELL,TDO-1,eMOLT
55366,3,2026-04-13T04:00:00Z,43.2217,-69.3304,146.40384,4.812333,LOWELL,TDO-1,eMOLT
55366,3,2026-04-13T05:00:00Z,43.2217,-69.3304,146.13867,4.7065,LOWELL,TDO-1,eMOLT
55366,3,2026-04-13T06:00:00Z,43.2217,-69.3304,146.0885,4.6831665,LOWELL,TDO-1,eMOLT
55366,3,2026-04-13T07:00:00Z,43.2217,-69.3304,146.28284,4.6695,LOWELL,TDO-1,eMOLT
55366,3,2026-04-13T08:00:00Z,43.2217,-69.3304,146.70183,4.7113333,LOWELL,TDO-1,eMOLT
55366,3,2026-04-13T09:00:00Z,43.2217,-69.3304,147.2085,4.7458334,LOWELL,TDO-1,eMOLT
55366,3,2026-04-13T10:00:00Z,43.2217,-69.3304,147.66283,4.721833,LOWELL,TDO-1,eMOLT
55366,3,2026-04-13T11:00:00Z,43.2217,-69.3304,147.99217,4.5865,LOWELL,TDO-1,eMOLT
55366,3,2026-04-13T12:00:00Z,43.2217,-69.3304,148.07617,4.760667,LOWELL,TDO-1,eMOLT
55366,3,2026-04-13T13:00:00Z,43.2217,-69.3304,147.929,4.894,LOWELL,TDO-1,eMOLT
55366,3,2026-04-13T14:00:00Z,43.2217,-69.3304,147.54617,4.9125,LOWELL,TDO-1,eMOLT
55366,3,2026-04-13T15:00:00Z,43.2217,-69.3304,146.99667,4.8906665,LOWELL,TDO-1,eMOLT
55366,3,2026-04-13T16:00:00Z,43.2217,-69.3304,146.46033,4.806667,LOWELL,TDO-1,eMOLT
55366,3,2026-04-13T17:00:00Z,43.2217,-69.3304,146.05167,4.6856666,LOWELL,TDO-1,eMOLT
55366,3,2026-04-13T18:00:00Z,43.2217,-69.3304,145.86034,4.7741666,LOWELL,TDO-1,eMOLT
55366,3,2026-04-13T19:00:00Z,43.2217,-69.3304,145.9255,4.76,LOWELL,TDO-1,eMOLT
55366,3,2026-04-13T20:00:00Z,43.2217,-69.3304,146.23334,4.7496667,LOWELL,TDO-1,eMOLT
55366,3,2026-04-13T21:00:00Z,43.2217,-69.3304,146.73967,4.7761664,LOWELL,TDO-1,eMOLT
55366,3,2026-04-13T22:00:00Z,43.2217,-69.3304,147.26984,4.8395,LOWELL,TDO-1,eMOLT
55366,3,2026-04-13T23:00:00Z,43.2217,-69.3304,147.67183,4.8435,LOWELL,TDO-1,eMOLT
55366,3,2026-04-14T00:00:00Z,43.2217,-69.3304,147.88884,4.8435,LOWELL,TDO-1,eMOLT
55366,3,2026-04-14T01:00:00Z,43.2217,-69.3304,147.88234,4.8295,LOWELL,TDO-1,eMOLT
55366,3,2026-04-14T02:00:00Z,43.2217,-69.3304,147.61816,4.8135,LOWELL,TDO-1,eMOLT
55366,3,2026-04-14T03:00:00Z,43.2217,-69.3304,147.15517,4.817167,LOWELL,TDO-1,eMOLT
55366,3,2026-04-14T04:00:00Z,43.2217,-69.3304,146.638,4.8463335,LOWELL,TDO-1,eMOLT
55366,3,2026-04-14T05:00:00Z,43.2217,-69.3304,146.17984,4.7223334,LOWELL,TDO-1,eMOLT
55366,3,2026-04-14T06:00:00Z,43.2217,-69.3304,145.9025,4.785,LOWELL,TDO-1,eMOLT
55366,3,2026-04-14T07:00:00Z,43.2217,-69.3304,145.9145,4.805333,LOWELL,TDO-1,eMOLT
55366,3,2026-04-14T08:00:00Z,43.2217,-69.3304,146.20016,4.7226667,LOWELL,TDO-1,eMOLT
55366,3,2026-04-14T09:00:00Z,43.2217,-69.3304,146.68983,4.735,LOWELL,TDO-1,eMOLT
55366,3,2026-04-14T10:00:00Z,43.2217,-69.3304,147.25917,4.9486666,LOWELL,TDO-1,eMOLT
55366,3,2026-04-14T11:00:00Z,43.2217,-69.3304,147.77217,4.9556665,LOWELL,TDO-1,eMOLT
55366,3,2026-04-14T12:00:00Z,43.2217,-69.3304,148.09283,4.9591665,LOWELL,TDO-1,eMOLT
55366,3,2026-04-14T13:00:00Z,43.2217,-69.3304,148.14983,4.8958335,LOWELL,TDO-1,eMOLT
55366,3,2026-04-14T14:00:00Z,43.2217,-69.3304,147.925,4.7763333,LOWELL,TDO-1,eMOLT
55366,3,2026-04-14T15:00:00Z,43.2217,-69.3304,147.46867,4.7211666,LOWELL,TDO-1,eMOLT
55366,3,2026-04-14T16:00:00Z,43.2217,-69.3304,146.849,4.782833,LOWELL,TDO-1,eMOLT
55366,3,2026-04-14T17:00:00Z,43.2217,-69.3304,146.28067,4.798,LOWELL,TDO-1,eMOLT
55366,3,2026-04-14T18:00:00Z,43.2217,-69.3304,145.878,4.758167,LOWELL,TDO-1,eMOLT
55366,3,2026-04-14T19:00:00Z,43.2217,-69.3304,145.73734,4.7435,LOWELL,TDO-1,eMOLT
55366,3,2026-04-14T20:00:00Z,43.2217,-69.3304,145.92067,4.785,LOWELL,TDO-1,eMOLT
55366,3,2026-04-14T21:00:00Z,43.2217,-69.3304,146.37683,4.7873335,LOWELL,TDO-1,eMOLT
55366,3,2026-04-14T22:00:00Z,43.2217,-69.3304,146.99283,4.817167,LOWELL,TDO-1,eMOLT
55366,3,2026-04-14T23:00:00Z,43.2217,-69.3304,147.60916,4.8911667,LOWELL,TDO-1,eMOLT
55366,3,2026-04-15T00:00:00Z,43.2217,-69.3304,148.0555,4.8791666,LOWELL,TDO-1,eMOLT
55366,3,2026-04-15T01:00:00Z,43.2217,-69.3304,148.24767,4.796,LOWELL,TDO-1,eMOLT
55366,3,2026-04-15T02:00:00Z,43.2217,-69.3304,148.15184,4.7668333,LOWELL,TDO-1,eMOLT
55366,3,2026-04-15T03:00:00Z,43.2217,-69.3304,147.78017,4.812333,LOWELL,TDO-1,eMOLT
55366,3,2026-04-15T04:00:00Z,43.2217,-69.3304,147.20267,4.78,LOWELL,TDO-1,eMOLT
55366,3,2026-04-15T05:00:00Z,43.2217,-69.3304,146.5525,4.7813334,LOWELL,TDO-1,eMOLT
55366,3,2026-04-15T06:00:00Z,43.2217,-69.3304,146.05183,4.784,LOWELL,TDO-1,eMOLT
55366,3,2026-04-15T07:00:00Z,43.2217,-69.3304,145.83366,4.767833,LOWELL,TDO-1,eMOLT
55366,3,2026-04-15T08:00:00Z,43.2217,-69.3304,145.9075,4.7773333,LOWELL,TDO-1,eMOLT
55366,3,2026-04-15T09:00:00Z,43.2217,-69.3304,146.25783,4.820667,LOWELL,TDO-1,eMOLT
55366,3,2026-04-15T10:00:00Z,43.2217,-69.3304,146.852,4.7905,LOWELL,TDO-1,eMOLT
55366,3,2026-04-15T11:00:00Z,43.2217,-69.3304,147.4995,4.827,LOWELL,TDO-1,eMOLT
55366,3,2026-04-15T12:00:00Z,43.2217,-69.3304,148.03566,4.876167,LOWELL,TDO-1,eMOLT
55366,3,2026-04-15T13:00:00Z,43.2217,-69.3304,148.2945,4.8543334,LOWELL,TDO-1,eMOLT
55366,3,2026-04-15T14:00:00Z,43.2217,-69.3304,148.28683,4.7595,LOWELL,TDO-1,eMOLT
55366,3,2026-04-15T15:00:00Z,43.2217,-69.3304,147.9665,4.7763333,LOWELL,TDO-1,eMOLT
55366,3,2026-04-15T16:00:00Z,43.2217,-69.3304,147.399,4.6693335,LOWELL,TDO-1,eMOLT
55366,3,2026-04-15T17:00:00Z,43.2217,-69.3304,146.71883,4.6563334,LOWELL,TDO-1,eMOLT
55366,3,2026-04-15T18:00:00Z,43.2217,-69.3304,146.12917,4.6481667,LOWELL,TDO-1,eMOLT
55366,3,2026-04-15T19:00:00Z,43.2217,-69.3304,145.771,4.7103333,LOWELL,TDO-1,eMOLT
55366,3,2026-04-15T20:00:00Z,43.2217,-69.3304,145.733,4.7875,LOWELL,TDO-1,eMOLT
55366,3,2026-04-15T21:00:00Z,43.2217,-69.3304,146.03717,4.7673335,LOWELL,TDO-1,eMOLT
55366,3,2026-04-15T22:00:00Z,43.2217,-69.3304,144.16785,4.7736154,LOWELL,TDO-1,eMOLT
55367,3,2026-04-13T00:00:00Z,42.6038,-70.4963,58.9,3.91325,ZEBRATECH,TD-200,eMOLT
55367,3,2026-04-13T01:00:00Z,42.6038,-70.4963,58.775,3.9145,ZEBRATECH,TD-200,eMOLT
55367,3,2026-04-13T02:00:00Z,42.6038,-70.4963,58.45,3.94425,ZEBRATECH,TD-200,eMOLT
55367,3,2026-04-13T03:00:00Z,42.6038,-70.4963,58.025,3.9555,ZEBRATECH,TD-200,eMOLT
55367,3,2026-04-13T04:00:00Z,42.6038,-70.4963,57.55,3.97925,ZEBRATECH,TD-200,eMOLT
55367,3,2026-04-13T05:00:00Z,42.6038,-70.4963,57.175,4.0355,ZEBRATECH,TD-200,eMOLT
55367,3,2026-04-13T06:00:00Z,42.6038,-70.4963,57.075,4.0115,ZEBRATECH,TD-200,eMOLT
55367,3,2026-04-13T07:00:00Z,42.6038,-70.4963,57.2,3.97925,ZEBRATECH,TD-200,eMOLT
55367,3,2026-04-13T08:00:00Z,42.6038,-70.4963,57.55,3.9665,ZEBRATECH,TD-200,eMOLT
55367,3,2026-04-13T09:00:00Z,42.6038,-70.4963,58.025,3.9425,ZEBRATECH,TD-200,eMOLT
55367,3,2026-04-13T10:00:00Z,42.6038,-70.4963,58.5,3.94825,ZEBRATECH,TD-200,eMOLT
55367,3,2026-04-13T11:00:00Z,42.6038,-70.4963,58.95,3.9545,ZEBRATECH,TD-200,eMOLT
55367,3,2026-04-13T12:00:00Z,42.6038,-70.4963,59.1,3.942,ZEBRATECH,TD-200,eMOLT
55367,3,2026-04-13T13:00:00Z,42.6038,-70.4963,59.0,3.94,ZEBRATECH,TD-200,eMOLT
55382,3,2026-04-13T13:00:00Z,41.61917,-68.5929,149.59976,5.540435,LOWELL,TDO-1,eMOLT
55367,3,2026-04-13T14:00:00Z,42.6038,-70.4963,58.725,3.9415,ZEBRATECH,TD-200,eMOLT
55382,3,2026-04-13T14:00:00Z,41.661766,-68.5929,167.5385,5.5226665,LOWELL,TDO-1,eMOLT
55367,3,2026-04-13T15:00:00Z,42.6038,-70.4963,58.2,3.95675,ZEBRATECH,TD-200,eMOLT
55382,3,2026-04-13T15:00:00Z,41.67722,-68.5929,175.9293,5.5178847,LOWELL,TDO-1,eMOLT
55367,3,2026-04-13T16:00:00Z,42.6038,-70.4963,57.65,3.964,ZEBRATECH,TD-200,eMOLT
55382,3,2026-04-13T16:00:00Z,41.6655,-68.5929,171.49083,5.4828334,LOWELL,TDO-1,eMOLT
55367,3,2026-04-13T17:00:00Z,42.6038,-70.4963,57.125,3.98975,ZEBRATECH,TD-200,eMOLT
55382,3,2026-04-13T17:00:00Z,41.67025,-68.5929,166.39566,5.4051666,LOWELL,TDO-1,eMOLT
55367,3,2026-04-13T18:00:00Z,42.6038,-70.4963,56.825,3.99075,ZEBRATECH,TD-200,eMOLT
55382,3,2026-04-13T18:00:00Z,41.684982,-68.5929,159.79346,5.4024196,LOWELL,TDO-1,eMOLT
55367,3,2026-04-13T19:00:00Z,42.6038,-70.4963,56.875,3.97925,ZEBRATECH,TD-200,eMOLT
55367,3,2026-04-13T20:00:00Z,42.6038,-70.4963,57.125,3.93925,ZEBRATECH,TD-200,eMOLT
55367,3,2026-04-13T21:00:00Z,42.6038,-70.4963,57.55,3.9265,ZEBRATECH,TD-200,eMOLT
55367,3,2026-04-13T22:00:00Z,42.6038,-70.4963,58.075,3.9455,ZEBRATECH,TD-200,eMOLT
55367,3,2026-04-13T23:00:00Z,42.6038,-70.4963,58.575,3.98575,ZEBRATECH,TD-200,eMOLT
55367,3,2026-04-14T00:00:00Z,42.6038,-70.4963,58.9,4.019,ZEBRATECH,TD-200,eMOLT
55367,3,2026-04-14T01:00:00Z,42.6038,-70.4963,58.9,4.0215,ZEBRATECH,TD-200,eMOLT
55367,3,2026-04-14T02:00:00Z,42.6038,-70.4963,58.725,3.9985,ZEBRATECH,TD-200,eMOLT
55367,3,2026-04-14T03:00:00Z,42.6038,-70.4963,58.325,3.961,ZEBRATECH,TD-200,eMOLT
55367,3,2026-04-14T04:00:00Z,42.6038,-70.4963,57.8,3.91675,ZEBRATECH,TD-200,eMOLT
55367,3,2026-04-14T05:00:00Z,42.6038,-70.4963,57.325,3.862,ZEBRATECH,TD-200,eMOLT
55367,3,2026-04-14T06:00:00Z,42.6038,-70.4963,56.975,3.841,ZEBRATECH,TD-200,eMOLT
55367,3,2026-04-14T07:00:00Z,42.6038,-70.4963,56.925,3.8445,ZEBRATECH,TD-200,eMOLT
55367,3,2026-04-14T08:00:00Z,42.6038,-70.4963,57.125,3.85175,ZEBRATECH,TD-200,eMOLT
55367,3,2026-04-14T09:00:00Z,42.6038,-70.4963,57.525,3.8655,ZEBRATECH,TD-200,eMOLT
55367,3,2026-04-14T10:00:00Z,42.6038,-70.4963,58.15,3.85775,ZEBRATECH,TD-200,eMOLT
55367,3,2026-04-14T11:00:00Z,42.6038,-70.4963,58.675,3.84125,ZEBRATECH,TD-200,eMOLT
55367,3,2026-04-14T12:00:00Z,42.6038,-70.4963,59.05,3.82,ZEBRATECH,TD-200,eMOLT
55367,3,2026-04-14T13:00:00Z,42.6038,-70.4963,59.225,3.7675,ZEBRATECH,TD-200,eMOLT
55367,3,2026-04-14T14:00:00Z,42.6038,-70.4963,59.125,3.7265,ZEBRATECH,TD-200,eMOLT
55367,3,2026-04-14T15:00:00Z,42.6038,-70.4963,58.725,3.74725,ZEBRATECH,TD-200,eMOLT
55367,3,2026-04-14T16:00:00Z,42.6038,-70.4963,58.125,3.82275,ZEBRATECH,TD-200,eMOLT
55367,3,2026-04-14T17:00:00Z,42.6038,-70.4963,57.525,3.871,ZEBRATECH,TD-200,eMOLT
55367,3,2026-04-14T18:00:00Z,42.6038,-70.4963,57.025,3.863,ZEBRATECH,TD-200,eMOLT
55367,3,2026-04-14T19:00:00Z,42.6038,-70.4963,56.8,3.84825,ZEBRATECH,TD-200,eMOLT
55367,3,2026-04-14T20:00:00Z,42.6038,-70.4963,56.875,3.8945,ZEBRATECH,TD-200,eMOLT
55367,3,2026-04-14T21:00:00Z,42.6038,-70.4963,57.25,3.894,ZEBRATECH,TD-200,eMOLT
55367,3,2026-04-14T22:00:00Z,42.6038,-70.4963,57.8,3.94225,ZEBRATECH,TD-200,eMOLT
55367,3,2026-04-14T23:00:00Z,42.6038,-70.4963,58.4,3.944,ZEBRATECH,TD-200,eMOLT
55367,3,2026-04-15T00:00:00Z,42.6038,-70.4963,58.95,3.916,ZEBRATECH,TD-200,eMOLT
55367,3,2026-04-15T01:00:00Z,42.6038,-70.4963,59.275,3.867,ZEBRATECH,TD-200,eMOLT
55367,3,2026-04-15T02:00:00Z,42.6038,-70.4963,59.275,3.83125,ZEBRATECH,TD-200,eMOLT
55367,3,2026-04-15T03:00:00Z,42.6038,-70.4963,58.975,3.82675,ZEBRATECH,TD-200,eMOLT
55367,3,2026-04-15T04:00:00Z,42.6038,-70.4963,58.425,3.84425,ZEBRATECH,TD-200,eMOLT
55367,3,2026-04-15T05:00:00Z,42.6038,-70.4963,57.825,3.875,ZEBRATECH,TD-200,eMOLT
55367,3,2026-04-15T06:00:00Z,42.6038,-70.4963,57.2,3.91875,ZEBRATECH,TD-200,eMOLT
55367,3,2026-04-15T07:00:00Z,42.6038,-70.4963,56.825,3.94775,ZEBRATECH,TD-200,eMOLT
55367,3,2026-04-15T08:00:00Z,42.6038,-70.4963,56.875,3.92625,ZEBRATECH,TD-200,eMOLT
55367,3,2026-04-15T09:00:00Z,42.6038,-70.4963,57.15,3.9535,ZEBRATECH,TD-200,eMOLT
55367,3,2026-04-15T10:00:00Z,42.6038,-70.4963,57.7,3.9485,ZEBRATECH,TD-200,eMOLT
55368,3,2026-04-15T10:00:00Z,42.00245,-70.51185,36.74,3.683,ZEBRATECH,TD-200,eMOLT
55367,3,2026-04-15T11:00:00Z,42.6038,-70.4963,58.3,3.94175,ZEBRATECH,TD-200,eMOLT
55367,3,2026-04-15T12:00:00Z,42.6038,-70.4963,58.85,3.91775,ZEBRATECH,TD-200,eMOLT
55371,3,2026-04-15T12:00:00Z,42.00255,-70.51325,37.766666,3.6796668,ZEBRATECH,TD-200,eMOLT
55367,3,2026-04-15T13:00:00Z,42.6038,-70.4963,59.3,3.86725,ZEBRATECH,TD-200,eMOLT
55372,3,2026-04-15T13:00:00Z,42.00225,-70.5121,38.0,3.666,ZEBRATECH,TD-200,eMOLT
55383,3,2026-04-15T13:00:00Z,37.71378,-74.2623,36.64,10.852533,ZEBRATECH,TD-100,eMOLT
55367,3,2026-04-15T14:00:00Z,42.6038,-70.4963,59.4,3.844,ZEBRATECH,TD-200,eMOLT
55373,3,2026-04-15T14:00:00Z,42.002,-70.5106,37.7,3.669,ZEBRATECH,TD-200,eMOLT
55383,3,2026-04-15T14:00:00Z,37.76832,-74.2623,39.405,10.5448,ZEBRATECH,TD-100,eMOLT
55367,3,2026-04-15T15:00:00Z,42.6038,-70.4963,59.15,3.82425,ZEBRATECH,TD-200,eMOLT
55375,3,2026-04-15T15:00:00Z,42.00395,-70.5092,39.0,3.668,ZEBRATECH,TD-200,eMOLT
55383,3,2026-04-15T15:00:00Z,37.79002,-74.2623,38.70476,10.439953,ZEBRATECH,TD-100,eMOLT
55367,3,2026-04-15T16:00:00Z,42.6038,-70.4963,58.575,3.839,ZEBRATECH,TD-200,eMOLT
55376,3,2026-04-15T16:00:00Z,42.00695,-70.5081,38.433334,3.6753333,ZEBRATECH,TD-200,eMOLT
55383,3,2026-04-15T16:00:00Z,37.78879,-74.2623,40.009525,10.47869,ZEBRATECH,TD-100,eMOLT
55367,3,2026-04-15T17:00:00Z,42.6038,-70.4963,57.975,3.8645,ZEBRATECH,TD-200,eMOLT
55383,3,2026-04-15T17:00:00Z,37.768497,-74.2623,39.734783,10.526131,ZEBRATECH,TD-100,eMOLT
55367,3,2026-04-15T18:00:00Z,42.6038,-70.4963,57.325,3.88175,ZEBRATECH,TD-200,eMOLT
55383,3,2026-04-15T18:00:00Z,37.772137,-74.2623,36.3,10.453428,ZEBRATECH,TD-100,eMOLT
55367,3,2026-04-15T19:00:00Z,42.6038,-70.4963,56.825,3.88175,ZEBRATECH,TD-200,eMOLT
55380,3,2026-04-15T19:00:00Z,41.99875,-70.51365,35.933334,3.726,ZEBRATECH,TD-200,eMOLT
55383,3,2026-04-15T19:00:00Z,37.77494,-74.2623,34.914288,10.475607,ZEBRATECH,TD-100,eMOLT
55367,3,2026-04-15T20:00:00Z,42.6038,-70.4963,56.675,3.8955,ZEBRATECH,TD-200,eMOLT
55383,3,2026-04-15T20:00:00Z,37.74192,-74.2623,33.92143,10.448857,ZEBRATECH,TD-100,eMOLT
55367,3,2026-04-15T21:00:00Z,42.6038,-70.4963,56.9,3.91975,ZEBRATECH,TD-200,eMOLT
55383,3,2026-04-15T21:00:00Z,37.69264,-74.2623,33.85625,10.361188,ZEBRATECH,TD-100,eMOLT
55367,3,2026-04-15T22:00:00Z,42.6038,-70.4963,57.4,3.91275,ZEBRATECH,TD-200,eMOLT
55383,3,2026-04-15T22:00:00Z,37.641293,-74.2623,30.626667,10.389533,ZEBRATECH,TD-100,eMOLT
55367,3,2026-04-15T23:00:00Z,42.6038,-70.4963,58.1,3.906,ZEBRATECH,TD-200,eMOLT
55383,3,2026-04-15T23:00:00Z,37.60364,-74.2623,25.921429,10.541072,ZEBRATECH,TD-100,eMOLT
55367,3,2026-04-16T00:00:00Z,42.6038,-70.4963,58.775,3.85675,ZEBRATECH,TD-200,eMOLT
55383,3,2026-04-16T00:00:00Z,37.5787,-74.2623,25.5,10.83,ZEBRATECH,TD-100,eMOLT
55367,3,2026-04-16T01:00:00Z,42.6038,-70.4963,59.325,3.829,ZEBRATECH,TD-200,eMOLT
55367,3,2026-04-16T02:00:00Z,42.6038,-70.4963,59.475,3.8215,ZEBRATECH,TD-200,eMOLT
55367,3,2026-04-16T03:00:00Z,42.6038,-70.4963,59.425,3.819,ZEBRATECH,TD-200,eMOLT
55367,3,2026-04-16T04:00:00Z,42.6038,-70.4963,58.975,3.8345,ZEBRATECH,TD-200,eMOLT
55367,3,2026-04-16T05:00:00Z,42.6038,-70.4963,58.325,3.87725,ZEBRATECH,TD-200,eMOLT
55367,3,2026-04-16T06:00:00Z,42.6038,-70.4963,57.6,3.906,ZEBRATECH,TD-200,eMOLT
55367,3,2026-04-16T07:00:00Z,42.6038,-70.4963,56.925,3.957,ZEBRATECH,TD-200,eMOLT
55367,3,2026-04-16T08:00:00Z,42.6038,-70.4963,56.625,3.99325,ZEBRATECH,TD-200,eMOLT
55367,3,2026-04-16T09:00:00Z,42.6038,-70.4963,56.675,3.987,ZEBRATECH,TD-200,eMOLT
55367,3,2026-04-16T10:00:00Z,42.6038,-70.4963,57.075,3.96275,ZEBRATECH,TD-200,eMOLT
55367,3,2026-04-16T11:00:00Z,42.6038,-70.4963,57.75,3.926,ZEBRATECH,TD-200,eMOLT
55386,3,2026-04-16T11:00:00Z,40.706963,-71.6078,68.58685,4.12,LOWELL,TDO-1,eMOLT
55387,3,2026-04-16T13:00:00Z,40.65741,-71.4981,69.23967,4.286692,LOWELL,TDO-1,eMOLT
55387,3,2026-04-16T14:00:00Z,40.638683,-71.4981,65.02192,4.5720415,LOWELL,TDO-1,eMOLT
55389,3,2026-04-16T15:00:00Z,40.60465,-71.3565,64.65145,5.2589736,LOWELL,TDO-1,eMOLT
55389,3,2026-04-16T16:00:00Z,40.59574,-71.3565,64.3069,5.205143,LOWELL,TDO-1,eMOLT
55389,3,2026-04-16T17:00:00Z,40.591156,-71.3565,64.691185,5.239263,LOWELL,TDO-1,eMOLT
55391,3,2026-04-16T18:00:00Z,40.58494,-71.3648,65.142,5.166357,LOWELL,TDO-1,eMOLT
55391,3,2026-04-16T19:00:00Z,40.589363,-71.3648,66.65407,5.3481426,LOWELL,TDO-1,eMOLT
55391,3,2026-04-16T20:00:00Z,40.60477,-71.3648,66.64136,5.152571,LOWELL,TDO-1,eMOLT
55393,3,2026-04-16T21:00:00Z,40.590923,NaN,65.89391,5.1876307,LOWELL,TDO-1,eMOLT
55393,3,2026-04-16T22:00:00Z,40.587982,NaN,66.046196,5.25,LOWELL,TDO-1,eMOLT
55393,3,2026-04-16T21:00:00Z,40.590923,NaN,65.89391,5.1876307,LOWELL,TDO-1,eMOLT
55393,3,2026-04-16T22:00:00Z,40.587982,NaN,66.046196,5.25,LOWELL,TDO-1,eMOLT
55393,3,2026-04-16T21:00:00Z,40.590923,NaN,65.89391,5.1876307,LOWELL,TDO-1,eMOLT
55393,3,2026-04-16T22:00:00Z,40.587982,NaN,66.046196,5.25,LOWELL,TDO-1,eMOLT
55393,3,2026-04-16T21:00:00Z,40.590923,NaN,65.89391,5.1876307,LOWELL,TDO-1,eMOLT
55393,3,2026-04-16T22:00:00Z,40.587982,NaN,66.046196,5.25,LOWELL,TDO-1,eMOLT
55393,3,2026-04-16T21:00:00Z,40.590923,NaN,65.89391,5.1876307,LOWELL,TDO-1,eMOLT
55393,3,2026-04-16T22:00:00Z,40.587982,NaN,66.046196,5.25,LOWELL,TDO-1,eMOLT
55393,3,2026-04-16T21:00:00Z,40.590923,NaN,65.89391,5.1876307,LOWELL,TDO-1,eMOLT
55393,3,2026-04-16T22:00:00Z,40.587982,NaN,66.046196,5.25,LOWELL,TDO-1,eMOLT
55395,3,2026-04-13T00:00:00Z,43.8451,-68.2221,155.7885,4.0935,LOWELL,TDO-1,eMOLT
55395,3,2026-04-13T01:00:00Z,43.8451,-68.2221,155.50034,4.087167,LOWELL,TDO-1,eMOLT
55395,3,2026-04-13T02:00:00Z,43.8451,-68.2221,155.0535,4.1773334,LOWELL,TDO-1,eMOLT
55395,3,2026-04-13T03:00:00Z,43.8451,-68.2221,154.517,4.1893334,LOWELL,TDO-1,eMOLT
55395,3,2026-04-13T04:00:00Z,43.8451,-68.2221,154.084,4.1831665,LOWELL,TDO-1,eMOLT
55395,3,2026-04-13T05:00:00Z,43.8451,-68.2221,153.83717,4.1431665,LOWELL,TDO-1,eMOLT
55395,3,2026-04-13T06:00:00Z,43.8451,-68.2221,153.863,4.087167,LOWELL,TDO-1,eMOLT
55395,3,2026-04-13T07:00:00Z,43.8451,-68.2221,154.13434,4.084833,LOWELL,TDO-1,eMOLT
55395,3,2026-04-13T08:00:00Z,43.8451,-68.2221,154.6385,4.1043334,LOWELL,TDO-1,eMOLT
55395,3,2026-04-13T09:00:00Z,43.8451,-68.2221,155.20534,4.168,LOWELL,TDO-1,eMOLT
55395,3,2026-04-13T10:00:00Z,43.8451,-68.2221,155.70166,4.2601666,LOWELL,TDO-1,eMOLT
55395,3,2026-04-13T11:00:00Z,43.8451,-68.2221,156.01817,4.287667,LOWELL,TDO-1,eMOLT
55395,3,2026-04-13T12:00:00Z,43.8451,-68.2221,156.05083,4.257,LOWELL,TDO-1,eMOLT
55395,3,2026-04-13T13:00:00Z,43.8451,-68.2221,155.80034,4.2048335,LOWELL,TDO-1,eMOLT
55395,3,2026-04-13T14:00:00Z,43.8451,-68.2221,155.32333,4.2295,LOWELL,TDO-1,eMOLT
55395,3,2026-04-13T15:00:00Z,43.8451,-68.2221,154.69267,4.199167,LOWELL,TDO-1,eMOLT
55395,3,2026-04-13T16:00:00Z,43.8451,-68.2221,154.11533,4.1856666,LOWELL,TDO-1,eMOLT
55395,3,2026-04-13T17:00:00Z,43.8451,-68.2221,153.70483,4.158,LOWELL,TDO-1,eMOLT
55395,3,2026-04-13T18:00:00Z,43.8451,-68.2221,153.5435,4.181,LOWELL,TDO-1,eMOLT
55395,3,2026-04-13T19:00:00Z,43.8451,-68.2221,153.7255,4.1418333,LOWELL,TDO-1,eMOLT
55395,3,2026-04-13T20:00:00Z,43.8451,-68.2221,154.1415,4.1365,LOWELL,TDO-1,eMOLT
55395,3,2026-04-13T21:00:00Z,43.8451,-68.2221,154.71266,4.1896667,LOWELL,TDO-1,eMOLT
55395,3,2026-04-13T22:00:00Z,43.8451,-68.2221,155.305,4.27,LOWELL,TDO-1,eMOLT
55395,3,2026-04-13T23:00:00Z,43.8451,-68.2221,155.7365,4.3011665,LOWELL,TDO-1,eMOLT
55395,3,2026-04-14T00:00:00Z,43.8451,-68.2221,155.90866,4.272,LOWELL,TDO-1,eMOLT
55395,3,2026-04-14T01:00:00Z,43.8451,-68.2221,155.79716,4.2138333,LOWELL,TDO-1,eMOLT
55395,3,2026-04-14T02:00:00Z,43.8451,-68.2221,155.43266,4.1893334,LOWELL,TDO-1,eMOLT
55395,3,2026-04-14T03:00:00Z,43.8451,-68.2221,154.87,4.217,LOWELL,TDO-1,eMOLT
55395,3,2026-04-14T04:00:00Z,43.8451,-68.2221,154.27766,4.206333,LOWELL,TDO-1,eMOLT
55395,3,2026-04-14T05:00:00Z,43.8451,-68.2221,153.8105,4.1975,LOWELL,TDO-1,eMOLT
55395,3,2026-04-14T06:00:00Z,43.8451,-68.2221,153.5925,4.1813335,LOWELL,TDO-1,eMOLT
55395,3,2026-04-14T07:00:00Z,43.8451,-68.2221,153.6585,4.1896667,LOWELL,TDO-1,eMOLT
55395,3,2026-04-14T08:00:00Z,43.8451,-68.2221,154.05133,4.2135,LOWELL,TDO-1,eMOLT
55395,3,2026-04-14T09:00:00Z,43.8451,-68.2221,154.65433,4.1815,LOWELL,TDO-1,eMOLT
55395,3,2026-04-14T10:00:00Z,43.8451,-68.2221,155.3175,4.1643333,LOWELL,TDO-1,eMOLT
55395,3,2026-04-14T11:00:00Z,43.8451,-68.2221,155.86116,4.1773334,LOWELL,TDO-1,eMOLT
55395,3,2026-04-14T12:00:00Z,43.8451,-68.2221,156.15083,4.274,LOWELL,TDO-1,eMOLT
55395,3,2026-04-14T13:00:00Z,43.8451,-68.2221,156.141,4.1091666,LOWELL,TDO-1,eMOLT
55395,3,2026-04-14T14:00:00Z,43.8451,-68.2221,155.79317,4.1085,LOWELL,TDO-1,eMOLT
55395,3,2026-04-14T15:00:00Z,43.8451,-68.2221,155.195,4.1725,LOWELL,TDO-1,eMOLT
55395,3,2026-04-14T16:00:00Z,43.8451,-68.2221,154.4965,4.1351666,LOWELL,TDO-1,eMOLT
55395,3,2026-04-14T17:00:00Z,43.8451,-68.2221,153.88617,4.1198335,LOWELL,TDO-1,eMOLT
55395,3,2026-04-14T18:00:00Z,43.8451,-68.2221,153.50183,4.1135,LOWELL,TDO-1,eMOLT
55395,3,2026-04-14T19:00:00Z,43.8451,-68.2221,153.42816,4.126333,LOWELL,TDO-1,eMOLT
55395,3,2026-04-14T20:00:00Z,43.8451,-68.2221,153.7225,4.1741667,LOWELL,TDO-1,eMOLT
55395,3,2026-04-14T21:00:00Z,43.8451,-68.2221,154.28383,4.1466665,LOWELL,TDO-1,eMOLT
55395,3,2026-04-14T22:00:00Z,43.8451,-68.2221,155.00534,4.1315,LOWELL,TDO-1,eMOLT
55395,3,2026-04-14T23:00:00Z,43.8451,-68.2221,155.66017,4.1678333,LOWELL,TDO-1,eMOLT
55395,3,2026-04-15T00:00:00Z,43.8451,-68.2221,156.11583,4.237167,LOWELL,TDO-1,eMOLT
55395,3,2026-04-15T01:00:00Z,43.8451,-68.2221,156.25284,4.203,LOWELL,TDO-1,eMOLT
55395,3,2026-04-15T02:00:00Z,43.8451,-68.2221,156.06233,4.1098332,LOWELL,TDO-1,eMOLT
55395,3,2026-04-15T03:00:00Z,43.8451,-68.2221,155.55783,4.1315,LOWELL,TDO-1,eMOLT
55395,3,2026-04-15T04:00:00Z,43.8451,-68.2221,154.87083,4.113,LOWELL,TDO-1,eMOLT
55395,3,2026-04-15T05:00:00Z,43.8451,-68.2221,154.16566,4.1231666,LOWELL,TDO-1,eMOLT
55395,3,2026-04-15T06:00:00Z,43.8451,-68.2221,153.69333,4.0976667,LOWELL,TDO-1,eMOLT
55395,3,2026-04-15T07:00:00Z,43.8451,-68.2221,153.50566,4.097,LOWELL,TDO-1,eMOLT
55395,3,2026-04-15T08:00:00Z,43.8451,-68.2221,153.65767,4.1218333,LOWELL,TDO-1,eMOLT
55395,3,2026-04-15T09:00:00Z,43.8451,-68.2221,154.1495,4.0603333,LOWELL,TDO-1,eMOLT
55395,3,2026-04-15T10:00:00Z,43.8451,-68.2221,154.82834,4.141,LOWELL,TDO-1,eMOLT
55395,3,2026-04-15T11:00:00Z,43.8451,-68.2221,155.53583,4.2833333,LOWELL,TDO-1,eMOLT
55395,3,2026-04-15T12:00:00Z,43.8451,-68.2221,156.07817,4.3261666,LOWELL,TDO-1,eMOLT
55395,3,2026-04-15T13:00:00Z,43.8451,-68.2221,156.31984,4.2443333,LOWELL,TDO-1,eMOLT
55395,3,2026-04-15T14:00:00Z,43.8451,-68.2221,156.204,4.194,LOWELL,TDO-1,eMOLT
55395,3,2026-04-15T15:00:00Z,43.8451,-68.2221,155.73683,4.1235,LOWELL,TDO-1,eMOLT
55395,3,2026-04-15T16:00:00Z,43.8451,-68.2221,155.03883,4.178167,LOWELL,TDO-1,eMOLT
55395,3,2026-04-15T17:00:00Z,43.8451,-68.2221,154.28867,4.1346664,LOWELL,TDO-1,eMOLT
55395,3,2026-04-15T18:00:00Z,43.8451,-68.2221,153.68834,4.0853333,LOWELL,TDO-1,eMOLT
55395,3,2026-04-15T19:00:00Z,43.8451,-68.2221,153.38234,4.1146665,LOWELL,TDO-1,eMOLT
55395,3,2026-04-15T20:00:00Z,43.8451,-68.2221,153.42517,4.1856666,LOWELL,TDO-1,eMOLT
55395,3,2026-04-15T21:00:00Z,43.8451,-68.2221,153.86517,4.191,LOWELL,TDO-1,eMOLT
55395,3,2026-04-15T22:00:00Z,43.8451,-68.2221,154.58617,4.1515,LOWELL,TDO-1,eMOLT
55395,3,2026-04-15T23:00:00Z,43.8451,-68.2221,155.385,4.1516666,LOWELL,TDO-1,eMOLT
55395,3,2026-04-16T00:00:00Z,43.8451,-68.2221,156.04584,4.160333,LOWELL,TDO-1,eMOLT
55395,3,2026-04-16T01:00:00Z,43.8451,-68.2221,156.43317,4.1891665,LOWELL,TDO-1,eMOLT
55395,3,2026-04-16T02:00:00Z,43.8451,-68.2221,156.46434,4.1551666,LOWELL,TDO-1,eMOLT
55395,3,2026-04-16T03:00:00Z,43.8451,-68.2221,156.10966,4.036667,LOWELL,TDO-1,eMOLT
55395,3,2026-04-16T04:00:00Z,43.8451,-68.2221,155.434,4.0823336,LOWELL,TDO-1,eMOLT
55395,3,2026-04-16T05:00:00Z,43.8451,-68.2221,154.622,4.1211667,LOWELL,TDO-1,eMOLT
55395,3,2026-04-16T06:00:00Z,43.8451,-68.2221,153.8905,4.1015,LOWELL,TDO-1,eMOLT
55395,3,2026-04-16T07:00:00Z,43.8451,-68.2221,153.45734,4.018833,LOWELL,TDO-1,eMOLT
55395,3,2026-04-16T08:00:00Z,43.8451,-68.2221,153.3315,4.0666666,LOWELL,TDO-1,eMOLT
55395,3,2026-04-16T09:00:00Z,43.8451,-68.2221,153.58267,4.096833,LOWELL,TDO-1,eMOLT
55395,3,2026-04-16T10:00:00Z,43.8451,-68.2221,154.2045,4.0785,LOWELL,TDO-1,eMOLT
55395,3,2026-04-16T11:00:00Z,43.8451,-68.2221,154.99483,4.0615,LOWELL,TDO-1,eMOLT
55395,3,2026-04-16T12:00:00Z,43.8451,-68.2221,155.7495,4.1098332,LOWELL,TDO-1,eMOLT
55395,3,2026-04-16T13:00:00Z,43.8451,-68.2221,156.24683,4.1045,LOWELL,TDO-1,eMOLT
55395,3,2026-04-16T14:00:00Z,43.8451,-68.2221,156.41217,4.0881667,LOWELL,TDO-1,eMOLT
55395,3,2026-04-16T15:00:00Z,43.8451,-68.2221,156.21384,3.9421666,LOWELL,TDO-1,eMOLT
55395,3,2026-04-16T16:00:00Z,43.8451,-68.2221,155.62666,4.017667,LOWELL,TDO-1,eMOLT
55395,3,2026-04-16T17:00:00Z,43.8451,-68.2221,154.8185,4.0333333,LOWELL,TDO-1,eMOLT
55395,3,2026-04-16T18:00:00Z,43.8451,-68.2221,154.03616,4.04,LOWELL,TDO-1,eMOLT
55395,3,2026-04-16T19:00:00Z,43.8451,-68.2221,153.4765,4.0431666,LOWELL,TDO-1,eMOLT
55395,3,2026-04-16T20:00:00Z,43.8451,-68.2221,153.25517,4.0218334,LOWELL,TDO-1,eMOLT
55393,3,2026-04-16T21:00:00Z,40.590923,NaN,65.89391,5.1876307,LOWELL,TDO-1,eMOLT
55395,3,2026-04-16T21:00:00Z,43.8451,-68.2221,153.43433,3.9828334,LOWELL,TDO-1,eMOLT
55393,3,2026-04-16T22:00:00Z,40.587982,NaN,66.046196,5.25,LOWELL,TDO-1,eMOLT
55395,3,2026-04-16T22:00:00Z,43.8451,-68.2221,154.0145,3.9388332,LOWELL,TDO-1,eMOLT
55395,3,2026-04-16T23:00:00Z,43.8451,-68.2221,154.838,4.0181665,LOWELL,TDO-1,eMOLT
55395,3,2026-04-17T00:00:00Z,43.8451,-68.2221,155.70134,3.9988334,LOWELL,TDO-1,eMOLT
55395,3,2026-04-17T01:00:00Z,43.8451,-68.2221,156.306,4.0196667,LOWELL,TDO-1,eMOLT
55395,3,2026-04-17T02:00:00Z,43.8451,-68.2221,156.5865,4.0268335,LOWELL,TDO-1,eMOLT
55395,3,2026-04-17T03:00:00Z,43.8451,-68.2221,156.49133,3.9381666,LOWELL,TDO-1,eMOLT
55395,3,2026-04-17T04:00:00Z,43.8451,-68.2221,155.972,4.028,LOWELL,TDO-1,eMOLT
55395,3,2026-04-17T05:00:00Z,43.8451,-68.2221,155.161,3.9963334,LOWELL,TDO-1,eMOLT
55395,3,2026-04-17T06:00:00Z,43.8451,-68.2221,154.26584,3.9885,LOWELL,TDO-1,eMOLT
55395,3,2026-04-17T07:00:00Z,43.8451,-68.2221,153.5485,4.0381665,LOWELL,TDO-1,eMOLT
55395,3,2026-04-17T08:00:00Z,43.8451,-68.2221,153.13017,4.0403333,LOWELL,TDO-1,eMOLT
55395,3,2026-04-17T09:00:00Z,43.8451,-68.2221,153.10316,4.011833,LOWELL,TDO-1,eMOLT
55395,3,2026-04-17T10:00:00Z,43.8451,-68.2221,153.49367,4.0288334,LOWELL,TDO-1,eMOLT
55395,3,2026-04-17T11:00:00Z,43.8451,-68.2221,154.192,3.9562,LOWELL,TDO-1,eMOLT
