forecast_date,observation_date,tow_id,obs_avg_temp,model_temp,diff
2025-06-17,2025-06-18,38621,7.062121145454546,,
2025-06-17,2025-06-18,38623,6.590071218181817,6.496958698858756,0.09311251932306064
2025-06-17,2025-06-18,38624,18.562740083333335,16.124862071196887,2.437878012136448
2025-06-17,2025-06-18,38626,11.957172736842107,13.030355896299465,-1.0731831594573578
2025-06-17,2025-06-18,38628,15.255472000000001,12.34650378045577,2.9089682195442315
2025-06-17,2025-06-18,38629,15.3376875,11.033327684010409,4.30435981598959
2025-06-17,2025-06-18,38630,15.262439,10.987650084203374,4.274788915796627
2025-06-17,2025-06-18,38631,14.999,,
2025-06-17,2025-06-18,38642,10.876454,9.321663979624601,1.5547900203753997
2025-06-17,2025-06-18,38643,11.0357925,9.258007114274276,1.777785385725723
2025-06-17,2025-06-18,38644,11.1315005,9.201695734623794,1.9298047653762058
2025-06-17,2025-06-18,38645,11.171041500000001,9.1735784002371,1.9974630997629017
2025-06-17,2025-06-18,38646,9.6649,9.218950493744359,0.44594950625564067
2025-06-17,2025-06-18,38647,10.1906255,9.248931526918815,0.9416939730811844
2025-06-17,2025-06-18,38648,9.3972225,9.243585620520347,0.15363687947965232
2025-06-17,2025-06-18,38649,9.389208499999999,9.226257920990395,0.1629505790096033
2025-06-17,2025-06-18,38650,8.812167,9.191028311432067,-0.37886131143206647
2025-06-17,2025-06-18,38651,8.703,9.181573251134216,-0.47857325113421645
2025-06-17,2025-06-18,38652,8.791111,9.337923455130733,-0.5468124551307323
2025-06-17,2025-06-18,38653,9.883833,9.21251221643961,0.6713207835603896
2025-06-17,2025-06-18,38654,8.98047225,9.41100751294548,-0.4305352629454795
2025-06-17,2025-06-18,38659,15.4398,,
2025-06-17,2025-06-18,38661,11.009083291666668,11.52667129225666,-0.517588000589992
2025-06-17,2025-06-18,38662,7.000906835294118,8.401113528832395,-1.4002066935382773
2025-06-17,2025-06-18,38663,11.949774437499999,,
2025-06-17,2025-06-18,38670,6.642972966666666,6.823545913005855,-0.18057294633918897
2025-06-17,2025-06-18,38671,10.871535375,10.745201512475482,0.12633386252451828
2025-06-17,2025-06-18,38679,17.5355,,
2025-06-17,2025-06-18,38697,12.96,13.800604434254986,-0.8406044342549848
2025-06-17,2025-06-18,38700,7.28398076923077,,
2025-06-17,2025-06-18,38702,7.485354166666667,,
2025-06-17,2025-06-18,38703,5.637205666666667,6.968458124746634,-1.3312524580799678
2025-06-17,2025-06-18,38704,5.82364235,7.146007371159036,-1.3223650211590359
2025-06-17,2025-06-18,38705,5.8968086,7.1486859440274095,-1.2518773440274096
2025-06-17,2025-06-18,38706,5.64707015,7.069493513893468,-1.4224233638934676
2025-06-17,2025-06-18,38816,12.37983889583333,13.00076605186787,-0.62092715603454
2025-06-17,2025-06-18,38819,18.713858416666664,15.912428789715145,2.801429626951519
2025-06-17,2025-06-18,38829,17.05716788888889,2.2826091605744065,14.774558728314485
2025-06-17,2025-06-18,38837,7.177361091666666,6.595640626240942,0.5817204654257235
2025-06-17,2025-06-18,38844,9.113816,7.899484324446364,1.2143316755536357
2025-06-17,2025-06-18,38845,5.633204883333334,5.543080024795381,0.09012485853795305
2025-06-17,2025-06-18,38855,6.816262474999999,,
2025-06-17,2025-06-18,38865,11.498963666666667,11.611576097876402,-0.11261243120973496
2025-06-17,2025-06-18,38866,11.35495,10.759811701529873,0.5951382984701272
2025-06-17,2025-06-18,38867,10.871532,10.928131049160708,-0.05659904916070779
2025-06-17,2025-06-18,38868,11.0592075,11.58574414753933,-0.5265366475393307
2025-06-17,2025-06-18,38869,11.323948,11.310523699730098,0.013424300269901934
2025-06-17,2025-06-18,38930,7.335185458333334,7.378610646806188,-0.04342518847285426
2025-06-17,2025-06-18,38931,10.754520833333332,6.934056897324266,3.820463936009067
2025-06-17,2025-06-18,38932,11.254563270833335,7.618202129435124,3.6363611413982113
2025-06-17,2025-06-18,38948,5.9822187541666665,5.38138767549433,0.6008310786723365
2025-06-17,2025-06-18,38950,8.788131916666666,8.861659409317415,-0.07352749265074898
2025-06-17,2025-06-18,38952,6.931404928571429,8.39088097093619,-1.4594760423647601
2025-06-17,2025-06-18,38957,6.607948753846155,6.461378139281882,0.1465706145642729
2025-06-17,2025-06-18,39068,7.6350194625,11.095810169548766,-3.4607907070487665
2025-06-17,2025-06-18,39075,11.225413187500001,7.555023671531926,3.6703895159680746
2025-06-17,2025-06-18,39077,10.578065291666666,6.960180745871267,3.617884545795399
2025-06-17,2025-06-18,39080,12.136914979166667,9.140483758394314,2.9964312207723527
2025-06-17,2025-06-18,39322,9.962,9.536702955669108,0.42529704433089144
2025-06-17,2025-06-18,39323,10.128417,9.514326805592821,0.6140901944071793
2025-06-17,2025-06-18,39325,10.573375,9.445286131754473,1.128088868245527
2025-06-17,2025-06-18,39326,10.308500500000001,9.414932588571652,0.8935679114283488
2025-06-17,2025-06-18,39327,10.7003,9.375230860640047,1.3250691393599539
2025-06-17,2025-06-18,39328,10.361333,9.394067831725748,0.9672651682742526
2025-06-17,2025-06-18,39329,10.892667,9.429215015676984,1.4634519843230152
2025-06-17,2025-06-18,39330,10.5876,9.47663078385628,1.1109692161437206
2025-06-17,2025-06-18,39331,10.736708499999999,9.459286035398613,1.2774224646013863
2025-06-17,2025-06-18,39332,10.5014,9.40436043333596,1.0970395666640407
2025-06-17,2025-06-18,39333,10.594333,9.376207311806912,1.2181256881930889
2025-06-17,2025-06-18,39334,9.744333,9.181573251134216,0.5627597488657834
2025-06-17,2025-06-18,39335,9.987214,10.078570502986759,-0.09135650298675912
2025-06-17,2025-06-18,39336,9.7235,9.21251221643961,0.51098778356039
2025-06-17,2025-06-18,39337,9.912,9.379755772784748,0.5322442272152532
2025-06-17,2025-06-18,39338,9.5495835,9.41100751294548,0.13857598705452112
2025-06-17,2025-06-18,39479,6.341111179166667,6.262365728458796,0.07874545070787065
2025-06-17,2025-06-18,39480,10.5291355,10.177737863244221,0.3513976367557792
2025-06-17,2025-06-18,39482,8.175704875000001,6.749719382313881,1.4259854926861202
2025-06-17,2025-06-18,39484,7.664052066666667,6.563430522262674,1.1006215444039924
2025-06-17,2025-06-18,40026,11.6503264,13.33015302578196,-1.6798266257819598
2025-06-17,2025-06-18,40918,8.929727272727273,11.373421100242954,-2.4436938275156805
2025-06-17,2025-06-18,40919,9.62075,11.297033515483268,-1.6762835154832683
2025-06-17,2025-06-18,41376,11.882675041666667,8.207282877682172,3.6753921639844958
